x1,x2,d,event,l
0.14696060992517784,1.0218895599345172,0.1058805001924356,1,0.42912557534180407
-0.5606269382331527,1.390858076845751,9.531619956074775e-5,1,0.023930069713849835
0.4886739019943606,1.1121191518447977,0.10090467145153212,1,0.12699609080442284
0.631184306411866,-1.0790070304547439,1.3349680388902585,1,2.877353668020993
0.19671709061403925,-0.9515207657360493,0.41815253439470346,1,1.379119007183158
0.6795635833926421,0.4872738808668075,0.186597893995341,1,0.47699883573857343
0.15091279771787727,0.8365183899199549,0.08514872046878841,1,0.5748776407717174
0.3742006644371975,1.3879619153393854,0.1708626717720375,1,0.7681917398934444
0.839255620595149,1.9581906478795792,0.026984659990558168,1,0.07362240137474242
-0.4766923475360092,0.33645387649621816,0.0299811494329147,1,0.4170432799919558
0.9570171331757655,0.4936746825357366,0.02869247311936378,1,1.0323352002447244
-1.5904621007151714,0.986880491838443,0.1719510180444585,1,0.18749499502452788
0.21908037854519538,1.2370937687706423,0.02483339093091893,1,0.14173977992059852
1.30532075530801,-1.097699529368848,0.6050205648351377,1,0.839526295034376
1.7787115888366036,0.5770893717338588,0.0881519829171074,1,0.5056974075716054
-0.4684392674617568,-0.9996355676653244,0.6403184013614606,1,1.9207486967274436
1.5003273964923622,0.7552327579411459,0.10276204857189584,1,0.5752740610344442
-0.06762895242189132,0.571383746959142,0.1011991693238872,1,0.6085965932174294
1.123720578848003,0.3731206876897826,0.41297766041975453,1,0.5945689479164068
-0.17316284031174484,-1.1517973587665908,0.49004399874662635,1,0.8118677340223995
0.015082709240595502,1.0600460763560997,0.017581200083500823,1,0.03888245164345274
-1.0518510737563145,1.0353949057272696,0.021527058939761697,1,0.1665493760865743
0.620426738667136,2.0431492915054075,0.05676532824053578,1,0.18086033088301096
0.09395682270059123,-0.5074511808431617,0.09380159542440172,1,1.4165635783908463
0.27780052567783636,1.5079881739588297,0.21513095887878883,1,0.26047316236438445
-0.3928204076728286,0.5436709127471845,0.14802020358592957,1,0.6654649944665524
-0.31058779526902874,-0.35729843640819636,0.2615711692535567,1,0.560365239413211
0.39043840013554126,1.2279472865695689,0.01554948711617551,1,0.1056523938863451
-1.7181054511503975,-0.09572653649032542,0.2892440258408794,1,0.3175011698722071
-0.03180332288731073,1.145970644984841,0.07452803103824016,1,0.16086793668178617
1.3195803259773213,0.2503154835424814,0.5805874515900662,1,0.7834565787128921
0.48311519392316826,-1.6031409671537131,0.9618587429067634,1,3.944551101718703
0.4368295355306301,0.933960247151681,0.06391663292665302,1,0.32282159171896585
0.04476051327805993,1.5051418723116197,0.05113229202061991,1,0.5614740118690104
1.0044476630126562,-0.02448154603052401,0.0283334379840895,1,0.4152547255979315
1.1261606678628673,0.7753603859192061,0.09487084706355631,1,0.49318735783761564
-0.2550141642062359,0.5432838539721946,0.957448717453221,1,1.3968985761736574
-0.4363247634393512,0.15111323076887898,0.37201969704584464,1,2.5821889512691465
-1.1183963640084646,-0.7520798517942944,0.6427378970959174,1,1.4245429638512164
2.2737075952699586,0.18221669538149846,0.04908618905052563,1,1.4770308037048188
1.1227839454343915,-1.810009934360958,0.19043205315771547,1,1.2295781076623895
1.4944501630615916,0.5914758475199494,0.05997171262282147,1,0.5723302055072499
0.2959545132181067,2.061654925713918,0.004647451322560664,1,0.10820568850320493
1.5707542202938427,-0.904660622513889,0.2437637838330024,1,0.5234445696317586
1.0393196023978017,0.10793100676228401,0.40844090666141036,1,0.46716528987306166
2.358694607412129,0.04051188482242794,0.09029586220183991,1,1.0557891418510614
0.2324423659573748,1.7005282414916842,0.015282711931625819,1,0.16911841451129359
-0.6871366731751339,0.9267400014537899,0.16183197807204056,1,0.22524410562834787
0.7977981148981259,0.2090887492441921,0.13301547672666886,1,2.4394756681156777
2.0644981863952814,1.4753474882824797,0.04319323713545748,1,0.3589630292196061
0.15604263122377443,-0.9973232036790413,0.13773095854754094,1,0.6042153530174829
0.2827709142414528,-0.5044529427945447,0.8520152662855067,1,1.9678617448998488
-1.1195807269938602,1.3969308795018913,0.09020174165275091,1,0.2719158094062373
-0.31680723695317203,2.063609385812122,0.05526553309707477,1,0.23873026922820184
-0.8954281237693557,1.387291325269647,0.17121390952904075,1,0.26174288946625635
-0.09667942560303919,2.1475499122949424,0.05968660374253635,1,0.10654161180305612
-0.22665020156227897,0.8178186942856315,0.1471637626156418,1,0.3098596651241615
1.616561669372931,0.22628111312400476,0.1258597682733418,1,0.5755870699816623
-0.05108843779888802,0.09348301201128555,0.33883087455862054,1,0.3911091098291565
-0.5202111192739671,0.8155835234317272,0.45698763710200985,1,0.5832036430236714
0.4135418599951654,0.7400309731354682,0.1369588404316523,1,0.23471424791442322
-1.1976956721100869,-0.27097951431571055,0.024458634680254835,1,1.956667731654568
1.138378885161874,1.3110145892602456,0.10864544531074094,1,0.3637658257908739
1.0059238432049245,-0.5301504567297479,0.6665613629536811,1,2.9930078605172317
0.7463405203172869,-1.3466869068617344,0.2676539147270391,1,2.2532617118651217
0.45962618429398877,0.21247801347228978,0.011432763215933821,1,0.2178188335737167
1.12119878845924,0.19249101056714504,0.16584782420106628,1,1.4696931901369543
1.9789453165312525,0.728514360198967,0.004643277133330754,1,0.17807860340040504
-1.140605073770545,0.08532689132274712,0.3715419517416918,1,1.2113342882216296
1.1262425430267389,1.7012198350573629,0.02543376824072301,1,0.06363133639942575
-0.38887340618347305,-0.2651700497182119,0.036661772470217714,1,1.3876927783872846
2.733193718546296,0.720072005659534,0.00488692760593182,1,0.043587233988915716
-0.7075562277258263,-1.3872472542913024,0.42601933761120636,1,0.6044628541260969
1.2142934712643272,1.4725352790228827,0.009753733362332184,1,0.3081800579886521
0.651565976398116,0.5901475003077217,0.021465065929461655,1,0.19067468399344634
0.734834013026679,0.4155002529814213,0.02672801798728826,1,0.23256430657857935
2.153900994166413,-1.9929839495878643,0.27045252505252476,1,1.054999280456861
0.9964897305512369,0.4263652345672683,0.4103628941039638,1,0.5435032942470269
-0.3036474507635276,-1.589024262550098,0.7966482756209683,1,1.4804271932553028
-1.1463018304764723,0.28464336325632306,0.39896888934776065,1,1.0641713315811265
0.06630555101951814,0.26261128308552567,0.06472574151413281,1,0.07911215755516796
0.874015305940149,-0.22076141727647275,0.00405315150600112,1,0.1972580923000639
-1.7497406235708761,0.19759459844670205,0.995493696010625,1,1.2432539389057848
0.047505344348086634,1.0821431435152917,0.24004024770717194,1,0.29359872095471795
0.7563222900611466,0.3349371203808971,0.350780418184681,1,0.5069827451678502
0.4280686049118365,-1.0653109683226423,0.6979769938632162,1,2.345721518833896
-0.06747030776496635,0.5984786319068193,0.2156144910761821,1,0.5138438295261335
-0.007490498866618317,1.1133976085654431,0.008425339486084298,1,0.32598750153096656
-0.3715788030963615,2.013484957619272,0.028599049452583788,1,0.3141302867385023
-1.8541346997600794,-0.13137903470006915,0.1482751727538697,1,0.530846375282691
-0.87196604002108,-0.9069479401695383,3.6240338742447977,0,5.465308331573943
-1.9187869790552659,0.4367266686888365,0.10367129315330066,1,0.5581705137687549
1.4946967053514995,-1.1303005149295027,1.4901108759383304,1,2.2187660522856376
-0.4061427671418044,0.7537670818217894,0.11403179170434215,1,1.990442837791028
0.618229207324469,0.04602633212861714,0.5199226192822267,1,1.3877557306037207
2.5272348266148383,-0.5248573910722605,0.2596880143744152,1,1.7289038252895614
-1.0995865023715958,-0.30798276733093904,0.8768789023673264,1,0.9800423388291646
-2.1168676884602253,-0.7820699141478331,0.3698271094464132,1,0.49268139484722917
-0.3127851735123368,-0.9315363479662723,0.09074629561729432,1,1.7310568891447606
1.3756596376095678,-0.65540573389866,0.18563029199709172,1,1.3328776985470077
1.7992489794579842,0.027250548854096966,0.25272936670626306,1,0.5341960189468813
0.14357726653054906,0.03537668443749473,0.04077273683558213,1,0.5879325363124266
0.11701892032803232,-0.19488112406625893,0.39011849684361255,1,0.48711879829015164
0.6361918023751494,0.41589187963125607,0.12506772787672443,1,0.4442978099501869
0.8371580814646179,1.9805473363136639,0.04543046141063258,1,0.3336562849274371
1.3772869254646112,-2.6409629103196832,2.6595676737961584,0,3.9304482750563072
1.854351907274914,1.204320548507475,0.004170196526471035,1,0.3945602489876666
1.3993060668760966,0.31198024768357047,0.21672923347148804,1,0.6518612945040938
1.5987482452124224,1.2504298604226425,0.03933684043169404,1,0.4071093019986605
0.7977511424082366,0.5164144732862732,0.029325083301851587,1,0.3295185405708658
0.21003761209160898,-0.5164091705623725,0.08327033341485612,1,1.0629116267258716
0.20205387549446252,-0.22035423427698198,0.20447403491244823,1,0.2540773056453489
2.599899811667735,-1.0195734659930664,0.12019567317191736,1,1.500810407836731
0.3382511547047205,0.4983091415966258,0.24310238800310466,1,0.5768633483996402
-0.5900839803378648,-0.2649238546336061,1.1475856224352698,1,1.481088327861293
1.4526920918031578,0.06916818080867936,0.1739868574333496,1,0.5328799493150426
0.06857929186813708,0.7443826702180077,0.3154094213742977,1,0.5679322651724016
1.2027650768565006,-0.7088900482162949,0.12493451057602183,1,0.23799342623167294
-0.5813240343478262,-0.025788300323839695,0.04522304737340735,1,0.2832628635706994
-0.9727876103442367,-0.12630853652414523,0.08093882766526023,1,0.4932703698641911
1.1652762617461778,0.604162875465775,0.11372709666231745,1,0.25944793390841486
0.6313555933984742,-2.697510810791907,1.6413288035778422,1,3.4732211030171483
-0.4950831594232394,-0.2618102429784927,0.8092977023328591,1,1.7683205692396142
0.39754774864826675,1.1771986921363389,0.14596254242458723,1,0.4719773784179119
-0.1396246501923163,1.5306033285034724,0.5055809465918697,1,0.5495815000412656
-0.38513621555006994,1.095484525179373,0.3746956745834037,1,1.5234240908433403
-0.27979129686703513,0.03078852747754978,0.17926026238839582,1,1.2817000553109315
-1.0208784493062528,0.2586300797261093,0.23657821892250863,1,0.6994289133229592
1.296494196612711,0.21992210176923002,0.048329720461639095,1,0.33049123665028846
-1.3299129380045431,0.9495062626794665,0.1753709936819833,1,0.3112327846705326
-0.23312923117046971,-0.4122872731337266,0.16735776171297176,1,1.8182501108318803
-0.5392591164079146,0.5923408772709591,0.02598250605621978,1,0.47979705290457986
-0.10468747924097328,-0.23347947947078126,0.7136306792513814,1,0.8057255740509401
0.24483303459963834,0.6550644071236744,0.0206352963287353,1,0.6563252229318188
0.3236123254303147,1.6270126497733572,0.03422178948322396,1,0.07280102409666107
2.470958375964055,-0.6058949217790277,0.27778101430079544,1,0.46868789817322326
0.9980854808636167,-1.4253715592704472,1.2947128928878533,1,1.691768292118965
0.7724432005229863,-0.7548459663646276,0.4457770995194919,1,1.7609795247176558
-0.15930801626204263,0.9041851067692162,0.035884474531882204,1,0.03716539510647991
1.1973039743009088,1.0267091027278157,0.010624862748518255,1,0.2845743407950379
-0.10981194441547934,0.3272220066517849,0.31158747236922685,1,0.5418213665336301
-0.13298187459056635,-0.17909307815920134,0.583517650757379,1,1.6484114432103152
0.9233588503350447,0.8311587400865079,0.0024240253339666454,1,0.20568042830295505
0.3164009097896304,0.3674412145976505,0.052613297598548034,1,0.8020591769537544
-0.14457286036572375,1.4159984837839785,0.155594728582965,1,0.1968339159487503
0.17381339897247586,0.1698811790850026,0.20995914030891583,1,2.73168750687897
0.1756567984690913,1.4391477902714755,0.24677420224485783,1,0.28378782239357153
0.47700177630855717,0.5867091501300087,0.00119802528882582,1,1.213879794996089
1.1846737821445366,-0.1995096896533584,0.8794818480344511,1,1.0556184055948796
0.8162729535845032,0.376015503371904,0.12895612548479188,1,1.4203876032722655
0.3320829582948386,-0.572451164997418,1.3142244967422692,1,1.4989010899393278
0.5390541162979521,0.7223011957699076,0.23493070932547597,1,0.7454438896775336
1.800158838368297,-0.6764460297011171,1.0744951829720373,1,1.2727779642617285
1.9172096495357163,-1.866498292350268,0.37856121295413003,1,0.5301928230881691
-0.14684717361850333,-0.20495610786274526,0.03273257966600603,1,1.080254612094692
-0.5024299387460912,1.5589869285119755,0.034582630632867276,1,0.21123207018853443
1.3219161635558612,-0.2015487082042304,0.12933188744817378,1,0.3832003838446142
1.0128697378104905,-0.6048536197883602,0.47590372468505265,1,0.9096831945990316
1.4104699650386288,-0.6622681229616972,0.24747355516121308,1,1.1621328798247872
0.03600086535201228,-0.7032800373673648,0.1839916953582473,1,0.6434097137481913
1.0956050463037328,-1.000553442181244,1.4176125160868793,1,1.4456445732507928
1.7032301173179125,0.30684364862102975,0.44299600085346375,1,0.9776329522105256
1.3872841404305765,-0.03210075146460325,0.013199116125671498,1,0.5382291424663176
-0.4384037369400171,0.11252345651559917,0.1523927919881102,1,1.2948936350192022
1.492514608565482,-0.08289228149363384,0.11832304969923252,1,0.9957951936958042
-0.03001450416193682,-1.5881799983658307,0.2295644748867784,1,5.455965018741917
2.433132464108256,0.8861567270260603,0.03583719384640558,1,0.22910828246098983
0.6962945710748568,3.121813570196659,0.002501474575041523,1,0.09227483772084888
0.4491954417035578,0.26352326379332375,0.04586327796783241,1,0.20247704653765453
1.0734786873082394,-0.6682199317822715,0.1657295624530659,1,0.7907755089185858
0.560042239588296,0.9018178580906809,0.07788301769000122,1,0.6501838182306009
0.7566773354598301,-0.21489958135850898,0.002752753017911699,1,0.07552791751431384
1.344529728003092,-1.3930515945907405,2.1413209586015047,0,2.2399904267970974
0.017518405592258143,1.2619003239310524,0.014831176896497069,1,0.315769465238702
2.111691766016073,0.16216543458094979,0.08576628331615434,1,0.39539425893454094
1.9765774070818265,1.6114662827078596,0.01121805079784844,1,0.4063573273602774
0.7023824984697207,-0.029014558652212193,0.9079693794118703,1,1.273364245089236
0.8513828625756731,0.3113382628887273,0.010134109623449815,1,0.027120808571331485
-1.0002703297595816,1.640926253645497,0.0029506568773263915,1,0.012810782739876628
-0.49607067907089436,-0.39220001423427236,0.12361057223134636,1,0.8788246192429233
-0.19385454368089397,-0.2797371535579021,0.15991610207532964,1,2.156573137583245
-0.7012088997480448,-0.6156610117216608,0.539670873877004,1,2.1488428800668227
-0.5853473394613057,0.02003364822660774,0.2190794724428683,1,0.4121873193734629
-0.05521712904564106,1.5773087415991145,0.17533472087308985,1,0.28771978742984156
-0.892916876847838,-0.11039022259745984,0.4918605850227522,1,1.286207629800701
1.694354254502657,-1.0505263946945225,0.1819651741025793,1,0.5102915555254176
1.6086281444391444,0.2290340364493244,0.2747927156281428,1,0.9848807684124177
0.47593763118888727,0.3507745806573307,0.026261343970946982,1,1.0068517901971046
0.8203570693315483,-0.17662241188291816,0.47546098736119996,1,0.4948240597721151
0.288242219913514,2.3782810669971033,0.12388868225804744,1,0.14663469461925174
1.2962089322569825,0.20451677655001071,0.15272421376504355,1,0.40341759098056457
1.095006654419137,0.14225131542607422,0.05970573019153209,1,1.532118862323798
1.3069297464054448,-0.08875840021584319,0.13773694255316363,1,2.2349576565467046
-0.7890470020088046,2.367652692675512,0.012476040726942894,1,0.07468690499048912
1.2640859225387664,-0.8119620104240296,1.0647692348998568,1,3.2128200939111182
-2.2150582204657887,0.9386496563649163,0.014840694975532887,1,0.4879147573647071
1.6325214698099024,0.4667159230221888,0.15337233077840276,1,0.8770014306757018
0.24157116958595867,-1.6182897514374657,8.033423973393594,0,10.627425291385284
0.669225587553851,0.03866495910663226,0.893005682893014,1,1.2857039503122456
-0.8675177878970678,-0.5570499732187619,0.3214467010105681,1,1.516130333297986
-0.035299443171978764,1.217639185041648,0.3054657967174819,1,0.3656570354094854
-2.0803081842982283,-0.17071229042811545,0.23271928886422108,1,0.3338741198330517
-1.04574448794632,-0.17477832852943873,0.2603550591371791,1,0.2876768996256312
-1.1476140670176296,0.5719178904706099,0.2440489003239669,1,0.37443858782861716
-0.1211853422805815,-0.4598604866920852,0.4540915757087738,1,1.5857240341241203
0.41555903264443445,0.7660494099220373,0.01704841351969531,1,0.9912660528496879
3.272318185218546,1.711208482439944,0.019329906150630568,1,0.1622930593540841
-0.16707454264262886,1.1397499395945252,0.08262583978596941,1,0.3587536752377656
-1.3060045531577487,0.32751532609117606,0.032891217248617585,1,0.14977190932763138
1.3424596600119911,0.7522130825055912,0.20822939514550373,1,0.6759743706424354
0.07360013543290796,-0.1770403649481397,0.27737715557997195,1,0.7275893642090538
-1.5004424020922031,1.2972814287857177,0.49595706614364155,1,0.5068506406327954
-0.2184568902417723,0.3094342654095903,0.30685101621338046,1,0.4697227881612269
-1.5044414928541447,0.8896710960007085,0.28548620877710823,1,1.0589584058177643
1.5165494189799948,1.5462670219585477,0.03571324852797163,1,0.19399964990483468
-1.2632977868478155,0.839402696763037,0.23482807355268298,1,0.6423554357155056
0.1247969079468694,-0.17274653773218357,0.09731060542898133,1,0.6082772310967068
0.7365573395525368,1.76647287714714,0.0501349323328494,1,0.19517513693238966
-0.3356634327515096,1.4101921235601804,0.11158907772490684,1,0.23522072725304302
-0.16211734063069047,0.12923743822140416,0.3178793668796779,1,0.5301502312233836
-0.6701252847956443,-0.7376127163759,0.6401137997886959,1,3.383784214260041
1.2451710399233844,0.16281714560169158,0.613724905301937,1,0.9344906341934429
1.1083076603498094,-0.575307628383087,0.005976268427464193,1,1.0729115692819828
0.046775178424555135,1.1853818176602477,0.012409653150165813,1,0.18975557439882665
-0.24593459383260463,0.21608786206494093,0.09898044331007748,1,1.2190193855383158
-0.6711541241008906,1.0973556121441606,0.051775548050205546,1,0.1559548341262992
1.4854129448211661,0.5093826161832978,0.034967350031892434,1,0.2943126252732095
0.6815266854411013,0.13241326608059217,0.2121965315421004,1,1.6278582770754475
-0.25526940179498325,-0.14542588072257198,1.4546828167240087,1,1.9762805636942677
-1.3086864276833914,-1.1473250762166765,1.341540885677988,1,4.117442857334092
2.2974649182989895,0.43462468116186553,0.021701505569095208,1,0.1453338579791842
-0.4027782527459958,-0.9968907367337873,0.49898074853095103,1,2.6482014841415866
1.4019768699856305,-0.2322426394477654,0.1773435624020738,1,0.8615003640591544
-0.6519440973768217,0.21857849384032016,1.2534383759628827,1,2.515214445564263
1.0537362882036039,-1.0963796715857166,0.03292718554400423,1,0.6204777951551264
0.3301021322094799,1.6880549459749574,0.16072082947473837,1,0.248627699274754
0.4290486858925604,1.503927059917316,0.09643651324464307,1,0.11548406167226855
0.4315093696785876,0.5117054180033332,0.08788309045316985,1,0.5974115586455029
-1.7487959587429227,-0.16058887989781015,0.7770299416593774,1,0.9330263861609792
0.091440115747245,0.28041289505676376,0.018509551126225387,1,0.1780371774971298
-0.24918228222736952,0.4043005966988177,0.6663280619464387,1,1.2349577971536299
0.42814903943254506,0.7623284843385099,0.03652317850528515,1,0.1811319370615777
-1.451730545136849,0.9941392433021109,2.288021730908296,0,2.8560026878313427
2.590317145354221,-0.5969350264853105,0.295977674362362,1,0.34224360579636187
0.1666060068250697,-0.29999823622415683,0.4921482700632086,1,0.5912225290651144
1.5244633800547074,-0.9619649672610878,0.06794665971092234,1,2.062902328254099
0.2933656584107955,1.565699853417679,0.07178542098344542,1,0.343397071957116
0.7279504766874959,-2.2668149217182996,0.8927249561100155,1,0.9145904935512024
-0.6959979704970914,0.23521654194410535,0.463369456296655,1,2.664830423856176
0.9447684333987725,-0.8372032767083053,0.5510790012210662,1,0.7174453394209556
0.8832585079515198,1.340507465561887,0.047585737242466855,1,0.17477243161746275
-0.5102398372711547,-0.5045311507061006,0.4473802846902596,1,0.6845504127939689
-0.6419201796386659,-0.6722235533247208,0.8141175268077948,1,3.6218388343515904
1.0499745514584204,0.26434022277621894,0.3417493191155414,1,1.9055492981359925
0.26138046206793386,0.11155184550030485,0.4721538272815672,1,0.61826829443353
0.5133318472949459,-0.3107388160708274,0.5287191820203823,1,3.4337516216052126
0.8377256238721607,0.3544697064208434,0.14022861458891836,1,0.7696692914752222
1.5758340134484943,1.5129577545671706,0.06412012583041787,1,0.2744494872939361
0.799986072903414,2.4617030248528144,0.007675429696886328,1,0.04449475411842242
-0.017142720340520966,1.1452165841811213,0.11488718180013553,1,0.25779944261664933
1.1211488479886345,0.6233496617232879,0.06954336671178056,1,0.24595933464637945
0.34624855274996613,-1.0121280236314665,0.4774660236176335,1,1.9265120376038898
-0.18506703523375523,0.1034248214167564,0.006986828997521445,1,1.9346420380537255
-0.23035612442306608,-0.7090340512617231,0.1645137261672832,1,2.453993769949227
0.6135674914048392,-0.1590883673067345,0.043806680994396364,1,0.13090568245977904
-0.7578313303413071,-1.131610175505896,0.004665650834441669,1,1.5781619094559352
-1.4170013909850385,0.3581005566652203,0.2869634485614209,1,1.0174896481067728
-1.9102575454415482,1.7737629195427416,0.06837392789285654,1,0.43482286884149063
1.3352917736309209,2.0988842604850304,0.017795544650657382,1,0.05202054056763985
-1.5249865107240315,0.03220488952097533,0.4590229243992873,1,0.46133448531145904
-0.2194986707256265,-0.4804862134648419,1.112695958809328,1,1.8280552143872486
-0.999657061463822,1.0608878744433476,0.050826915654476515,1,0.6679119202515476
-1.143781640018522,-0.008096593963084328,0.19293424008402907,1,0.8870141920865244
0.7671997524809645,-0.43938782256441294,0.8034854319298882,1,0.8763722903994394
2.621864742296259,-0.6612451260160837,0.1284748333611021,1,0.6622208222148241
0.8906664091086407,0.5801976331851612,0.05857834008841364,1,0.17713594201207566
1.3186670053926917,-0.40328836086053277,0.17729573610100263,1,1.6324886245284178
-1.892775648958269,0.6882358912951796,0.2828527563586687,1,0.4976786097345128
1.7586231694295325,-0.26350835381461385,0.045100190890923056,1,1.6274663510813963
0.4429347611212065,1.8535388146741434,0.09045136700631924,1,0.11911406362223952
0.7298982159031278,-0.5874439462783139,1.050529052756288,1,1.0803335580329017
1.558033965457518,0.38596070367970353,0.14993897149198512,1,1.1481664231416129
0.39826214590000386,0.3044311852939571,0.33248778480433633,1,0.9081851858060983
-0.37916426708408285,-0.47955458696101955,0.9487283058661065,1,1.0468739203494433
0.3678240323434012,-0.4363836140423573,0.5294742283044085,1,0.7448091958380529
-0.37908027027910585,0.14200555664360984,1.0013860838929203,1,1.258835587988193
0.24596333910967477,0.8648814497304083,0.02641893679424666,1,0.6380070513377598
-0.7077907307926836,-0.19381194152719952,0.059171026244960505,1,0.8846874009862997
1.5778365585906482,1.2606781089058385,0.01367330559052741,1,0.05830350419481722
0.1188192099945079,1.9026938081028228,0.022365047073208476,1,0.24812784781365896
0.9796217486528299,-2.025750503828988,0.2617516129302692,1,0.42913607223458095
1.5692763246811485,2.549951062788619,0.005906398582794286,1,0.36076866347825526
0.6774566407582546,0.5624824666939293,0.09197793491212045,1,0.34745976832545883
-0.12414566212278232,0.5355829721926294,0.033385587065244395,1,0.543685182345338
0.4383994623445169,1.6881360012790163,0.10118429475893287,1,0.31257935508422874
-0.27530942150254245,-0.808460136640924,0.3084215241037601,1,1.2821113081557696
-0.4331426798663095,-0.759158703469008,0.7465241586092632,1,2.8552155169826308
0.20412560485386824,0.7820629441774767,0.04187283527255957,1,0.43651826292566986
-0.11100407681408718,-0.1334723515966407,0.010468334656295562,1,0.42791525954548915
1.6950957387373404,1.0198103901406663,0.024212944614935904,1,0.23287348933309088
1.3347018841044198,-1.8368145928168167,0.13686119573119093,1,3.3858870606429785
-0.06301147020588375,1.792256679880567,0.11129389924173216,1,0.31944913088464916
-0.40418885784854064,1.5652319968608546,0.1632246038265676,1,0.49866984491760014
0.6058055365005115,0.853077075772736,0.04433992973871157,1,0.1342512160217508
-0.2878045388333379,0.2169567572382652,0.010794298249754605,1,0.1554366897228588
2.0964312778161354,0.9648135770762316,0.0034242285588184313,1,0.0786828358425555
-1.4645132766823747,-0.6180351704628497,0.12787607472254697,1,1.7772178309059439
1.0551103696021165,0.9821747183691137,0.01901140662518816,1,0.07371730922471527
0.714980992886612,-1.3133054931719306,0.5660851388882501,1,0.9443541755339171
1.1578020357634955,-1.0216801429906581,1.1942994578743,1,1.3796405587287854
1.224333983067887,0.1717480375272273,0.26358928770328816,1,1.8993592457711592
-2.171903532532749,0.6329518352806207,0.15937385309521748,1,1.277081546561371
-0.5898556988957473,0.1625785379002875,0.20730390808175855,1,0.23249178541164414
1.8238344956382402,-1.5599948344819121,0.03409985912932975,1,1.0195405791820784
0.605317875506346,-0.8138119223961043,1.0838114240353849,1,1.1579034467725615
1.0737383216677046,0.08922941358782718,0.6594812118343204,1,1.1395907103201903
0.5196392591127756,-0.18962731968629637,0.320412544635602,1,0.3555647845121336
0.6373791561779174,0.721276301314661,0.43279761909232817,1,0.7647998806061952
-0.11883299811564907,-0.9257027575833479,1.4271893684249888,1,2.642113885730727
1.3571492831064804,0.39530746352257445,0.12626345046581275,1,0.1284143566115866
0.6341630890462875,-0.24837848006082877,0.45162293545960375,1,1.0601820733136849
0.8527345786657924,-1.616507353334965,0.7416608339836576,1,1.3631431181606843
1.0205427953874429,1.317440080992363,0.06173541166604978,1,0.37102178803004965
-0.427548577882932,1.3797021449029232,0.13593888040173605,1,0.1492037351119965
0.2109786310524724,0.05140025112047977,0.11653863982108925,1,1.2644634191093647
-0.16501695778513698,0.34437704032721445,1.3287547141418723,1,1.6091228944908573
-1.1079243453764385,0.1003466099751805,0.1471503923522265,1,1.1933413663151107
-0.1342755822091478,-0.8990592539290917,2.9526770061866925,0,5.773399927596171
1.1200002670547278,-0.9038991452148091,0.28146301757340253,1,0.4544399580708848
0.6213996268079989,0.018890386964439235,0.20199761436052494,1,0.8235165541630292
0.5994447581131316,-2.435283713050017,4.300770831389297,0,4.491779544071361
-0.19221715079413004,-0.8389091791958617,0.6861797591829649,1,0.8239712092112714
0.7924038725422141,0.9819243651985412,0.05706097352827062,1,0.16352233962349666
0.006919604478009255,0.137351105517473,1.2927274555668733,1,1.4468757282610376
1.025448314770186,0.6243384168534747,0.02347092836995515,1,0.43644643406566547
-0.05384801475309322,0.8142656207008676,0.5605650872692405,1,0.6629719453594666
0.22420909343325346,0.07964316743701691,0.24790777657150317,1,0.29465949438657313
1.3951642645585471,0.7243038956500606,0.10796836247102654,1,0.291861805941454
1.8614018941569908,-0.4182984600524718,0.4426851204410171,1,0.6079491842603412
-0.5018389716153854,0.22325638192478553,0.08939299713875179,1,0.6844513356642568
0.3934879016041524,0.4242658242841239,0.2865398746695011,1,0.5229532943840799
-0.6343175928904355,0.14726849841024606,0.21792607589563934,1,0.26485878847923167
-1.4930779388716797,1.3149793534069047,0.03396278977409535,1,0.042504693418959454
-0.37948268363865917,1.170043285961908,0.004905892678082195,1,0.260110687397081
0.031672321328146145,-0.9956444128424434,0.6771686655045271,1,1.7876166078754538
0.8706100390949995,-0.46432001164940284,0.057357349818002674,1,0.10552651261551016
0.03812596490143726,-0.19860814731056256,0.8165204649528576,1,1.2056715561893034
-0.21951215341025412,0.2106037520015008,0.03364053499878738,1,0.34633894703166723
1.1089971049147087,0.394831554985133,0.17287934942924574,1,0.29077206266152106
-0.38634600636035726,0.1625650946779101,0.7041859360326637,1,1.5151457597782196
-0.24530733459311616,1.093843016221445,0.08073354967740444,1,0.9407206346821283
0.025171461923211177,-0.5960341403329343,1.3991198466468966,1,1.6548653205781232
-0.1656372049644041,0.4656966701816022,0.06342158020074141,1,0.7036538608285241
0.12467720342948235,-0.04195600689801777,0.31595694601743407,1,1.8460706595675362
-1.3008314472109301,0.6238484730059145,0.14855073815889813,1,0.33600593958345215
-0.3569833291589556,1.23045867895798,0.19433921051354308,1,0.5966601669345724
0.612803838120875,-0.06432021141112892,0.07214262438084629,1,0.702819738077105
-0.8053112937269259,0.14899452440263317,1.1375236937359412,1,1.6319508160459335
-0.2460573558021025,-0.24666142395936344,0.05307053428270875,1,3.5423556307002397
-1.6009178847239416,-0.10264294253637186,0.8767814593096347,1,2.5958757501804914
2.011123451831584,0.2913362863577399,0.26108059848743914,1,0.7466376865568165
-1.0788574717195656,0.5716094119683576,0.1314984573552534,1,0.18332204177444963
-0.44924680839218145,-0.22608995765336817,0.29886158235262367,1,1.1751870131198503
2.1411393052834145,0.2461376354900509,0.16934483515795298,1,0.6798643079418168
0.9103014102946198,0.7448236290360314,0.1870837245773368,1,0.8013411926811683
0.3500192606800862,0.509086782194922,0.8313511116551795,1,1.4582362528109742
0.4097074352066114,0.7888682434621738,0.2554505466935963,1,0.8545035465278061
-0.36071316565732947,-0.45116571656384036,0.033929795192895434,1,0.10428845992846203
0.1955906639775039,-0.4980759484339816,1.4062620307152882,1,2.1382138830715642
-0.053400622675604255,-0.15329342876662913,1.3387394948398283,1,3.731352423071346
-1.6375353475575096,0.2779936462485818,0.2103397103222717,1,0.5960852267273253
-0.14960268241153152,0.2548801547621911,0.8308037759904702,1,0.9938160134155272
1.1852693023768868,-0.3385220498892096,0.8318762083380049,1,0.876080131555895
0.15542342037339815,0.1561861782776257,0.7624274877421715,1,0.9879118569896529
-1.3859956247591743,-0.5240165211827266,0.2830513298440383,1,0.6951563447281641
-2.12421065445939,1.116384723090731,0.3503884931358248,1,0.9512111355417009
-0.45503587156069386,-1.1439920296575865,1.5255560840211473,1,8.037349565138195
0.628282894882949,0.5793898242131112,0.25233161749441263,1,1.2944892537217811
1.3626537919315627,-1.189339247156643,0.3927847526627192,1,2.7404484925226305
0.4078358776823528,0.5851796499365234,0.1798232218229765,1,0.2978199578875063
-0.7100058976857896,2.0130531394530156,0.011668224777432058,1,0.0850057482935781
3.0379821070063655,0.21532073528665568,0.15278375445559803,1,0.5247561265220796
1.7531510859536887,0.30056999394030215,0.17136751975076817,1,1.0323151050101225
0.4174567186169571,-0.4591434193080354,0.5752112334454533,1,3.3822142275312803
0.3313879248755704,0.48367257248649187,0.04888061221412715,1,0.4215777912741796
-1.6970642925194201,0.3990614389863289,0.43588685537836863,1,1.0670063718812381
0.6180775439194378,-0.6359340599181211,0.7016497279773226,1,1.0317574259474014
0.5993931471331715,1.5485054048472258,0.025206196854918133,1,0.27350966138051047
0.8780686913042479,0.2734713718867205,0.10068342305529014,1,0.3581444869520208
2.9389455809383707,0.26796519519651407,0.0910117148056395,1,0.3001550931275871
0.9442399515580037,-0.5876661167899765,0.14892228716342065,1,1.2072395149085788
0.15137615608818017,0.662617679939666,0.0598157915765309,1,1.4157111970954848
0.5762884074094372,-0.851194019780186,0.3879732230009055,1,0.7291491460639341
0.9356842892472352,1.3977230632268636,0.06562211235967123,1,0.4761642772015529
-0.20093991019939406,1.2212793862987228,0.0011053540908684163,1,0.0401496651522955
0.693734411091176,-0.341102681772239,0.5553132742035798,1,1.0082301278993089
1.4075071984036223,1.3539343207799932,0.18322309870360673,1,0.9389629543791291
1.017944685390333,1.5314223500151547,0.05372626208409028,1,0.33667778843765633
0.10479802853145434,-0.5840291366860969,0.5319136482189806,1,1.1339049339993716
-0.037520595766069476,-0.49801251230910665,1.1841828204823406,1,1.5974620480087698
1.427144333444004,-0.6794930481251404,0.08519539403981673,1,1.311003401371461
1.2935977385018085,0.5871425382995173,0.09869894845409612,1,0.6905662413573638
0.723295296539935,0.6950764502692428,0.04200020825628578,1,0.2941166587318519
1.3829802673509195,0.14213776161283798,0.10769275434172308,1,0.1383791476773736
-0.6330212544952768,1.560864445676196,0.08159525895146291,1,0.9237135482038763
-0.23806913894043324,-0.19604890112130335,0.08776921985370849,1,1.0710463390713858
0.7470661424568513,0.9042103704160066,0.07740373560324608,1,0.35254634718641764
0.339817937874636,1.197565041754604,0.10810446258131619,1,0.3153924758903972
0.9769142292172558,-1.132573547595736,1.9145392932991236,1,5.4858430186890415
0.7161909946184655,1.4315911104446677,0.020077773494963966,1,0.11290414109763997
0.3342106612962488,-0.12375512410372287,0.09239297831039217,1,1.5297236527646698
-0.5529159596679117,-0.5512041893996558,0.6482971498817491,1,0.7981705998795078
0.36578083712654896,-0.8420532088181868,0.40025375403499236,1,0.7618535421322744
0.7333961424929858,-0.7421477997911302,0.4062118498901842,1,0.9883022865242443
-1.4824309638079776,-0.1304877212874427,0.07652000256492057,1,0.6334373769409539
-0.12553185346470208,-0.998300411110832,0.05308068317495329,1,1.0703665482521796
-1.3907778485206934,0.7350729663734012,0.20666325272624547,1,0.38971455695734863
1.2993457796086996,1.1322993044386778,0.00831294890984195,1,0.02228755522976932
1.3851930535790262,0.41473314639870107,0.353276534601198,1,0.3955904790468293
1.4869356012987898,0.37576776718819527,0.10629964817101102,1,0.23354763453123462
-0.7486582974503067,-0.3122957340412362,1.365840325123792,1,2.3143866709870813
1.266334966337952,-0.07455200619767792,0.27909140245359304,1,0.9668728848808251
0.3444945208802073,0.7636528479722039,0.2021605044554133,1,0.858378502005055
-1.0832792436439562,0.9704935446930579,0.13248202649517038,1,0.18569843992498222
-0.08956794336138639,-0.5614162182341514,0.7750233872300277,1,1.2928267707976449
-0.05901543423865944,0.03622789062963837,0.0010491348613058701,1,1.8672012635975614
0.6628312970109412,-1.0070552864895153,0.03927857781426954,1,0.9230566014221521
0.3447016709952016,-0.44026439231049475,0.1637319101097712,1,0.22064222988255505
0.15188372896729474,0.7344942963989931,0.002136974932129122,1,0.2548173668274154
0.4246322021220389,0.5564766768325953,0.07657599612597535,1,0.5816941393262757
-0.29028339075200243,0.15149565117266878,0.27846645779901574,1,1.1529553834339616
0.2603459626429892,-0.9604636383957973,0.5163213412558724,1,3.135228877685436
1.9551702537513336,-0.07044157397811537,0.4160828422563613,1,2.2447088590833264
1.7855519319741082,-2.0919119349291893,1.013370577652272,1,4.86560459220306
0.9404524295484402,1.2296965337807007,0.09064172576032614,1,0.09932174835159681
0.3702467024381238,-0.6434025266583103,0.680336447329662,1,0.8051066795337652
-1.0359028587235162,-0.039775996959688115,0.15168720911704878,1,0.43730238927257997
-2.5788489427056334,-0.17807115261566964,0.14148948005399264,1,1.8658982611477959
0.650938709221088,-0.02497027994539304,0.33228383939727546,1,1.0523352307857337
-0.05175951201047617,2.311161753295006,0.03577982110876311,1,0.04456274267468421
-0.30347302246450836,0.8783589897185914,0.14279288180395197,1,0.7963462058472736
-0.6259988493420522,-0.23935566626624907,1.6149726190969291,1,2.990223667872232
-0.29225711398041965,-0.7646799358651862,0.7641067776919572,1,0.9667308985079247
-0.9284959255149419,0.4435210617836263,0.20569505069967292,1,0.3510587115118504
0.9153499639478812,-0.5057805822408558,0.08374232097138963,1,0.2985584536441109
1.0465323764286978,-1.202759800000226,0.29380397133548763,1,0.8886650084970408
-0.40919469060503166,-0.048813582489158465,0.1035236971638147,1,0.20544390415924144
1.1006635276729526,0.18545744726432534,0.0812719228850164,1,0.27686223657481795
-0.9000553926377727,0.833031950502686,0.2004992275611912,1,0.24761046438732806
1.1229847539702162,1.6206165587328647,0.07702704292367062,1,0.28357446362571304
-0.7625409571457962,-0.10160150802926876,0.4870509395282461,1,1.18681666844994
-0.5959205173435478,-1.525220277711182,1.4401353653682392,1,3.083343756908934
0.23972199303545152,-1.169371376165204,0.22172908974736874,1,0.6428195829640995
0.5662411333645779,-0.31419466191519246,1.313768553325373,1,2.2728015279868177
1.3053085793349324,-0.45667971619127606,0.1271306313407324,1,0.2904722069654209
0.5689991144485241,-0.18118799824056497,0.8830507558382993,1,0.8939742119075184
0.34021590441522,0.26838375281869303,0.05900870619980698,1,0.4772080081595286
-1.0301633857571864,-0.20615430392486206,0.15143131415174105,1,0.15384393137036662
1.0086093954769937,0.313364444653276,6.630092205446229e-4,1,0.8063421802194565
-0.6871488536116356,1.4459929590536909,0.07532811826477323,1,0.17543163431736764
0.6907965914457653,0.2755333990302752,0.15850311672137038,1,1.5594435176570351
-0.41756439271258,2.6680715661220447,0.03641225275730821,1,0.612429849278476
-0.37849997669931845,0.053071529974820966,0.3287387459319331,1,2.1230749375384925
1.1936082808619846,0.04808802571110799,0.08574151463842611,1,0.22852503998811757
0.17334421086220392,1.0385044643276728,0.19118087156505842,1,0.7425368399838773
0.7086987957727244,0.8701838487647711,0.00806086552407401,1,0.08921937104075038
0.3795914947221533,0.8185409865332455,0.0737233883918568,1,0.2680655673294532
-0.6759721101711228,0.11690455438696062,0.08966225451882998,1,0.47985388683168223
-0.7491757705456195,0.451470855574813,0.11248686067742943,1,0.5490206587285725
-0.20334623228270834,-0.05692550629031288,0.7618512497065695,1,0.8888804444900787
0.23387417403630784,-0.9144216528247944,0.6128792806846539,1,1.2854515160884583
1.33530309623134,0.5586860612859593,1.272872257219307e-4,1,0.8733941083619963
-0.6915260192642888,-0.5012773906694377,0.22085339080123,1,1.6465714787278962
2.4605946113062798,-0.728025795172585,0.010910934424030731,1,0.1638585015068561
1.7002171184775408,0.3582310723193276,0.09548281351908355,1,0.6104345399602594
0.5078912500479696,-8.91871535662598e-4,0.7116571842389802,1,1.088437722656822
1.6651692727852465,0.10077630093494254,0.00983427998424804,1,1.1070361865225498
0.9668872185036633,-0.050252262286193186,0.28701154165616205,1,0.6672641069448186
0.7943940670691919,1.6116001794087735,0.07795965851107473,1,0.14746165538754794
0.5938119888160959,1.0989839858312762,0.5348724271490964,1,0.739230938130409
-0.28019531665888797,0.7587385381342283,0.11054666964619263,1,0.9755968785832981
1.2006648771825146,-1.3983676532675209,0.08041598738229613,1,4.697687818363185
0.478378339511102,1.7082561870328965,0.1081611474069478,1,0.1600754300074073
1.9876659454746357,-0.03760301795646933,0.08503523312969813,1,0.4340250775173296
0.1982966917537051,1.0602437432670044,0.10296213881650194,1,0.3821919232293689
0.26733430837940764,1.5838360559960765,0.014553949201515903,1,0.15417561786671277
-1.775623509091074,-1.4419943898665224,2.3768693718284344,0,4.209773280926321
0.16520981618335348,0.6206571310222718,0.8035088731344203,1,1.120630981021538
-0.488099161021157,1.392076132534362,0.03177856075135466,1,0.19805290327021427
-0.4893453013927841,2.090850954549985,0.034228407553730675,1,0.12615538188224545
-0.44360768988950855,0.11468378169907731,0.6112574717904267,1,0.8127486498538062
0.04297262869269009,-0.7078113814346637,0.7334511617007596,1,0.8360649520237181
1.2885830135123069,1.4262277022239236,0.01717522485672783,1,0.2548601749397984
-0.2012948464381955,-1.0747018429155544,0.6656864877896389,1,3.7421000102331057
-0.061690358262774726,1.1705836712530877,0.05599419327049343,1,0.16510507518072493
-1.4852684492851163,1.0771911494518867,0.3585866798256774,1,0.5172345893579492
0.010585939704509696,-1.3793628500550648,6.828714391097092,0,8.725811240369513
0.7737279805023852,0.08213466135296842,0.12328159412253695,1,0.13850607897919714
1.875480629489432,2.4527514239130355,0.023102665149854717,1,0.08495103410737839
-0.5470550908772452,0.3363694752884367,0.2276935326612185,1,1.2108225906132017
0.45764361057876846,1.0235266419362432,0.06707759666494031,1,0.08647786952266827
0.6979334238193398,0.15147641447315602,0.16577627402393863,1,0.5358931220619423
0.5561915387977348,0.4656673451308959,0.013135369606310442,1,0.6997335214636731
0.650945019687669,-0.09884416874360777,0.5730285365195692,1,0.9974965437313988
1.8701414595403287,1.1979260005281378,0.12002732258624171,1,0.18592899391619674
0.5017322169364754,0.5890970295362569,0.25300583071808624,1,1.0505338716869255
1.5656312249773137,0.4521918321896691,0.08452416336740289,1,0.3149889125195258
-0.988634572328316,0.3363904418454624,0.6351651971912127,1,3.1463024422987265
0.3143686712519646,0.045975974838293666,0.9019777133576987,1,1.0863552098128388
-0.7397365768837437,-1.0173581038168642,0.1302706634994845,1,4.227148607581298
-0.13817521321139958,0.8535709596068489,0.32760533021048527,1,0.5928611830947562
1.9870430226453069,-0.9547689853277811,0.1823579244048704,1,0.6185617603156123
-0.2917288182584958,-0.42482692809541567,0.6884395235871161,1,1.524241689517014
0.6928718824891278,-1.536569173404858,0.41690711093070926,1,5.34963305754783
0.1171047911471567,-0.12395995653701641,0.6624319687980702,1,0.842550210242623
1.395352152386098,-0.12284590267542805,0.009818851157459754,1,1.3658831897332722
0.5109368010412296,-0.33022751924793337,0.566365626357185,1,0.9041360204621924
-0.26326472653781446,0.5442339417686813,0.28331711431423706,1,0.5008467264201022
0.0321048166403578,0.3254597427074637,0.09528575876570441,1,0.3707642412619141
1.139956665608368,-0.2256255560657143,0.6379693269617518,1,2.380034001683138
2.5823326966548423,-0.3690375651439732,0.3159768558923173,1,1.1814643175611108
0.10300259523782865,0.49170473877624304,0.06425593799357406,1,0.46400726542244436
-0.47177705056811037,-0.6737858635421653,0.5196752495282827,1,1.3283160310305826
0.9146519119197315,-0.3963818483753883,0.3426813728280002,1,0.8879960981818218
1.8641578476554208,0.008144088187823252,0.02501353448134345,1,0.4648190081562433
1.6973944017476148,-0.2926662338931698,0.25279268747968264,1,0.2673155216196851
1.6504890374684047,1.0359392641719085,0.059137676779356885,1,0.4985703810190918
0.3039617678017892,-0.030833059259844815,0.326400104804156,1,0.8125769699863804
0.33398996847443935,-0.6110843979334206,0.605096041647241,1,1.5579175322830232
-0.5140079555276184,-0.7336227768450199,0.877774334082974,1,1.2665113193275612
-0.38327238518284773,1.6132953057563246,0.3371713238895494,1,0.40233104511898543
0.3436592031978619,1.0236087394635933,0.012505205405502321,1,0.04923108828864322
1.3655620675789013,-1.9753369732349237,0.9098136482307991,1,3.880399291580638
0.053106550051096144,-0.28320574231191903,0.10419067002328836,1,0.22304058040634733
-0.573178624607185,-1.4156732591318923,1.4620606029911176,1,12.439250131940488
0.24048931615903324,-0.3310714926570993,0.4435521542614677,1,0.5537739971165152
0.9469108327535877,-0.602622844020548,0.7206414364851552,1,0.7272919588435418
0.033995521245093974,-0.43400201743544536,0.44287708752961374,1,0.7217811585288783
1.4575265149779848,-0.44930897800737185,0.08101276821288583,1,0.2711674516859376
-0.43786066961896836,-0.5631745483402971,0.4399039311999351,1,0.46507998322252186
-0.09944922853067104,0.17202127514055593,1.1363567694576637,1,1.5112763564978744
-0.5240310162756708,-0.06464386031558211,0.07938447086190198,1,0.4548518935024575
0.28178112768032904,0.051300158119702254,0.38341218929747595,1,0.9768536423318397
-1.633216397440969,0.7049094134358109,6.788752960819197e-4,1,0.49520746303159374
-0.5210746554298319,-0.03916435390270879,0.024167395862436984,1,3.8629351685306754
1.1213984454515666,-1.247602471557206,1.5451929295703064,1,2.5045671288655877
1.0745253455942654,1.902769641980713,0.01136823148670498,1,0.100449534565572
0.5629319799471031,0.06936261900480549,0.11524086293334945,1,0.6062543665179967
0.9642459682012255,0.6582623114534882,0.17703229906102544,1,0.895407138923139
0.24323911459041403,-2.652335399135985,6.110717643822524,0,6.664933382694502
1.0517565327425393,-1.1401022858983214,2.5589749901315497,0,3.350082248692984
1.1703747078386746,0.6920614503690414,0.16408755195654615,1,0.97134541091882
0.7536340663015197,0.07759551340351299,0.12350482367699765,1,1.230261286075453
-1.0540176875567295,0.7604797961783907,0.4551874509475245,1,0.5726332989594625
0.2339967680567695,0.32462118535260975,0.8687813772475941,1,0.9292150927805167
-0.4665269109666814,0.9905843933752779,0.04425907551083545,1,1.0540050893596924
1.4758006615427441,-0.08060895406366582,0.02442263099274085,1,0.8537899299763491
2.6909334676393977,0.21377511206295832,0.06451522032773441,1,1.800607056256908
0.37434346995336193,1.0456656089779222,0.09518433835826964,1,0.48031688909982634
0.7078796705562903,0.10508858666581596,0.8175310386706868,1,1.4541403924535616
-0.20659708668489926,-0.11030695897698362,0.34941004397206693,1,1.059560794364714
0.6681860130505622,1.9358118612926785,0.07147262981090186,1,0.4893993941546621
-0.00864803436849868,1.550308244731562,0.017910714150032342,1,0.13170984645672035
0.33696321533337475,0.14789547058497532,0.5411859862586264,1,0.5610141515224081
1.449264273041955,0.4266138522025211,0.07254599229383388,1,0.318142975053602
1.3639090666175995,1.3117007390824889,0.10734870134753184,1,0.6581454830790118
-0.6258595228656038,0.7590268053406338,0.0963632351527509,1,0.16274922186910853
-1.2121755133449914,0.10570344695673127,1.4986643271734812,1,1.5069902884161581
0.4930446141126705,1.1522278029313722,0.0030835567605528393,1,0.8370366512485305
1.1194562138744377,0.8664549647607166,0.018437129294458347,1,0.49729142991206166
-1.0058308304815726,1.2308293122847125,0.09014087250883754,1,1.0182188684032134
0.4847422341186083,-0.05136631873123941,0.028614788826049817,1,1.8146546507192123
-0.3866876502947833,0.7260842900879618,0.0027585163332025796,1,0.5767950095454043
0.4187437810542148,0.7881683617037754,0.014107035126018685,1,0.2525255843305557
0.5349298489239024,2.1791714697299467,0.025895752286336806,1,0.03233342187581476
-0.3585435590283935,1.5870230431945134,0.05150778578304076,1,0.7138752317852531
0.7150925384197521,1.6780019159988302,0.0047754797761195384,1,0.0628850112903281
0.6648081749275891,1.352644834658177,0.009784160191216746,1,0.15679501858581202
-0.24873156209311084,-1.177192246202209,0.7432473617868661,1,3.9023716662000814
1.0904034702751328,0.6382216485733002,0.07586558846598956,1,0.18656003828107484
0.14656429376154334,0.4129234794171418,0.025331300631801876,1,0.5378428028001804
-0.03866093190639793,0.5686237600954892,0.02285217293426507,1,0.3952589574062551
0.7932688881531069,-0.03111901217239271,0.05368798943165523,1,0.16735909614165878
-0.4227752837022563,0.19926352100201064,0.21932886312509076,1,1.4923457938313267
2.08499827395645,0.4971525607289474,0.017211729870798026,1,0.29408985096357293
2.1680734324679265,0.11155064579757114,0.036794983538858,1,1.402901545314636
0.5219670760934026,0.28326246175353714,0.38849447622112554,1,1.204945553124274
1.0669375554120812,-0.18162924436285013,0.3180918862222862,1,1.1868055421437673
0.20783205087539414,0.3669899214388328,0.1948451311832011,1,0.22212914993268534
1.9397486030758764,-0.37227578369397424,0.0697672435472324,1,0.08664710393232165
0.278711915513306,-1.4991350120507752,2.9834326107266764,0,3.788047828634097
1.4676991245127506,0.22685458930209257,0.6322637464372239,1,0.8049835161428401
1.6669559363114412,-1.3934585793157501,2.0536762073551773,0,2.221853369914405
-0.5026920035837357,-0.7803825459819659,0.3882724706735597,1,0.7680069477025631
0.2984666565189777,-0.7420174754823171,0.7689715907874954,1,1.9233169034924071
-0.21354530453355366,0.6793623505767924,0.29704177378913305,1,0.7940327693360083
0.514409756085804,0.7672563354569522,0.13906737008976522,1,0.374223730429316
0.6013835444525677,-0.14835062360280826,0.3842861717331595,1,1.1728074137528568
-1.1503096294509794,1.7563563052903353,0.11785251922477065,1,0.18550133711917585
0.5156374637783776,-0.29686779748740644,0.3037688879620952,1,0.9674913645063213
-0.05655534109236094,0.23960585692169778,0.5785031665921918,1,0.615113109880561
-0.7948521026890831,0.5324379982540686,1.0086066683872743,1,1.9223922909199527
-0.7170941016456794,-0.016064505876165307,0.2949581030784911,1,1.195600830084317
-0.4561059833402457,0.18163195695834305,0.09243479022301886,1,0.4085794362145615
0.910123843868504,0.9029881060883961,0.04463015185773165,1,0.053490094906183575
-0.1807100178569475,-0.46337093398895024,0.5347528193382804,1,0.7321062583029337
0.01704719582610715,0.8202171555876255,0.2894127517392215,1,1.3176105576130672
1.5862180138724324,0.8598215084056866,0.038449726311677986,1,0.17512030746767085
-0.8431420967904805,0.659906021292312,0.48919215150535406,1,0.5221999379027129
0.648174361308595,0.8772428664910837,0.19078700760246634,1,0.5083204714769457
0.3169778788470019,0.6378470298895259,0.12532471913058443,1,0.3043420079505613
2.5552272328329497,0.05238902904034261,0.07425575515305845,1,0.09306202623865148
-0.12794038523680934,2.250709406195528,0.030074066346140186,1,0.05989297165867644
0.3775583968413208,1.2891889500475908,0.040384522656079135,1,0.32783125093242416
-0.43647073109809903,0.3458846877444132,0.15557716584445425,1,0.4496130185850124
0.7326018240180785,-1.2275126624881842,1.5607334291906325,1,1.9794845302703632
0.6805871383796,0.5294381149923403,0.29977984290483944,1,0.4640419151022647
-0.7755402749149166,0.4839074763304733,0.5451318785813553,1,0.5617988433126738
-0.5357804215550074,0.6653991442559245,0.015730477848101405,1,0.4758245594533358
0.5157843417455173,0.10059550869461509,0.21832142514192956,1,1.6110608077494653
-0.45476411649608306,1.6633452046534343,0.15067012477183586,1,0.31818882364832407
1.6636720810929315,0.8075010801124952,0.031476397408867,1,0.1647859003264502
-0.01119603852929569,1.2775125175714377,0.06268192576135949,1,0.5179262054052535
-0.368220637901837,1.0789384684764065,0.2540664182988153,1,1.0102205292011155
1.0613359191776517,-0.6638369969782427,0.9568332364393471,1,1.7108520094924355
-0.4002133432450634,-0.2210746977672785,0.1572275648816273,1,0.17395810017643004
-0.44873965613551253,0.7542535276813745,0.4680199572680653,1,0.5185047040841073
0.4867935849087201,1.3938364582092533,0.01664950729779838,1,0.467747671231773
-0.16363393145127952,0.9154885759682914,0.144329915096513,1,0.8250213220609688
0.33153309931046143,1.4854717794068908,0.008600841604469382,1,0.37406712621611676
1.633923174829909,0.4552111044081164,0.017210598014732476,1,0.31697926425929807
-1.3019815874859908,1.2063872814327898,0.13068167363497632,1,0.7171734132181974
-0.09298623385126058,-1.8822540295691736,2.1430719593566505,0,3.4732718456020697
1.5242835119873088,-1.1783352445246562,0.0842981933004614,1,1.9900569962123167
1.233641404951936,0.7628740174802631,0.10842465691103766,1,0.24733195661272417
0.20335977270963213,-1.7715973499719133,1.3919234017029092,1,1.9822584266290324
-0.6327731770562911,-0.35481292332333886,0.46529332502492166,1,0.5226928017940625
1.6705196830847622,0.9731534737789309,0.03618741812001056,1,0.14902540528536004
2.3151617739256674,0.2604404274114111,0.08626823852499466,1,0.4883591037184561
0.9762850140389041,2.0882407376937655,0.14280572930566435,1,0.2328388524380243
0.6606015498724186,2.0582210628904978,0.010112497166547786,1,0.14983677544943547
1.2186491886509794,-0.16686805565857632,0.31276054047015783,1,2.0031470194055068
0.039127627298816324,0.4866513448637021,0.4464941723820787,1,1.0338341612739814
-0.9545357545511699,0.5853412943624352,0.24533718138268462,1,0.5896155048212658
0.49607048811355087,-0.43027577890389523,0.19486617121414063,1,1.742739358986262
-0.5720140858206146,-0.8646663450876585,0.6449130343822591,1,0.9854107639002252
0.9981697598036752,-0.24016961723226327,0.44424309306557486,1,1.5122688190153202
1.1981390093431683,-0.3343857805233317,0.10605589123326745,1,0.19664219470563615
1.766503382894892,1.835674675705819,0.021227392996920405,1,0.164416341299717
-0.16027984697273406,-0.9270180223618464,3.0752647789018486,0,3.655428464417634
-0.4671320407597421,0.6456605488257681,0.835462848783291,1,0.8595662054238785
2.4260859390905085,-1.508552893348346,0.9143120051108703,1,1.5353918773157103
0.9645963419567284,1.279041207621745,0.005490375857203939,1,0.1619730248425347
1.3799583775549455,-0.8044491033447912,0.47402957374783355,1,1.7096277475853605
2.250684158406943,0.9140150669618149,0.03160656837410127,1,0.6369059452498094
0.7767534528719908,0.7722423202245497,0.04079370735965484,1,0.06253320983433003
-0.8575040183223217,-0.4404186514255653,0.30534832276130286,1,0.36740307563654623
-0.23250071915428447,-0.10785453854139702,0.9900185856494478,1,1.1820814998462834
0.30851359419949875,-0.15167924865351068,0.3698021281522547,1,0.8615101933844899
0.018566396026181535,1.6226985107022736,0.18820973730232216,1,0.1923314228575077
0.8588051524873156,-1.3102708172919126,0.5347065152902237,1,1.2765222168812511
-0.8773282734872886,0.33830514266740286,0.24736837356963942,1,3.027429872220899
0.6595291252862462,-0.2392752945153895,1.1112227899877185,1,2.199103410119398
-0.6221088091462441,0.8904138147255912,1.1252031800811653,1,1.5198082551966763
1.9102057595967983,-1.2704770383708708,0.5888213116289861,1,1.9910408964713533
0.4380339525922185,1.5986322016421914,0.019751717055689746,1,0.44199224461546366
0.9501770966226837,-0.2639228438521317,0.6558562123347046,1,0.8255852449583246
-0.6242938324897928,0.07779593589023666,0.2665824060554581,1,2.1138561618632306
1.14234242842231,-0.1591877125162896,0.06171549506473516,1,1.0509593120318153
1.2591152178268,-1.4202584873374475,0.6215735685203038,1,4.630204783570543
-1.4849714648029466,1.8321634274643859,0.02375512081387876,1,0.4666473278560882
0.12930816126407663,0.6810985476709914,0.3918430306424805,1,1.5620023575594693
-1.1360873773456177,-0.3851477691992732,1.1793352264514212,1,1.7301403028278224
0.6334279690215967,-0.6523033649965456,0.10414485533755327,1,0.3898447301083805
0.8603582332332478,0.7481408478350359,0.04046245654669675,1,0.8625473509168605
0.14508265440641327,-1.1233717886758017,0.6400606071644042,1,3.801773547234438
0.8108192402223267,0.8831102123839619,0.02879655968690215,1,0.0661871991131018
1.432730936745166,1.4306794994917014,0.004652047652224308,1,0.12363835986785025
1.6871181395181383,-0.5586396723675561,0.6788725038616635,1,3.42392509873056
0.35565926701125794,-0.8929793113013298,1.7258015488554663,1,1.9781100900222326
1.0404015564925422,-0.6392998177779419,0.6629108493014947,1,2.3304410639567337
1.1086811951100148,-0.5400966876277671,0.034203237307048696,1,2.3058207183508417
1.5788588535350925,2.0346478854739645,0.05789294744440476,1,0.37063800149624904
-0.21874238111029135,-0.37960382644498214,0.5197604236952674,1,2.932505344358369
0.5235773796064684,0.07762780212520169,0.11941218029101484,1,1.0209621659456345
0.6211558311767148,1.3531337972557347,0.10149297073928434,1,0.2334491221151693
-2.5165275617932172,0.359304571340188,0.14396570379704698,1,0.19732183677751963
0.6566321114068081,0.6152581729344615,0.06807893924928654,1,0.3484247248304767
0.5897955673122767,0.9665067604673824,0.11522951186762483,1,0.2682061712384985
0.5429814754478729,-0.22222263988493865,0.5048344712548487,1,1.104673582519168
0.19258997047034,-1.3825617297777182,0.4348349908910072,1,2.287696602988945
1.1386665135508067,-0.3251299806193493,0.049377978399076754,1,0.7511799156514306
-0.06522626690292715,-0.5093038385276771,1.3903362594799111,1,1.4482557298922552
-0.7866793781142101,1.7403913456604974,0.3040473453212666,1,0.38648723881823727
1.140493188370566,1.41283079314612,0.24381748181718205,1,0.3026310956344262
0.020413113011625152,0.433444152170805,0.4705492739123322,1,0.5063860514306315
1.55834922910941,-0.2657589061048123,0.15023562472398835,1,0.40399857890849356
1.45745253406561,1.53573929866013,0.0020642507501437844,1,0.024852238856790276
1.6056389980895711,1.0800712561269301,0.04527826692079036,1,0.13680002040296496
-0.09948057648116629,-0.06713827118772744,0.17733650620616265,1,0.6428557036996263
-1.7554955737115892,0.3070410047621665,1.1248985455559697,1,1.4944407915918378
0.685700638147483,-0.9530972324987638,0.3291074045947339,1,0.8749229422492215
0.9639887486131319,-0.8866818823646658,0.2056359122753085,1,0.2359638654706205
0.4119672221546322,0.9779104851941974,0.03441967089849295,1,0.06363922647097144
0.15140745531294444,1.0268478979334645,0.23017723410997046,1,0.40717470821308294
1.0537948970509516,0.028544530952303998,0.18590798236518644,1,0.20986572218988286
-0.04560975698938868,0.43053880665900657,0.34209284574481214,1,0.49610073889554324
0.40830472612009217,0.9086104340002477,0.02819227878874154,1,0.121650097534154
0.6525305142102148,1.2665838544406385,0.1391024403250165,1,0.6339729397587961
-0.5496764568865836,0.5527566099162597,0.09324811333370006,1,0.6264234525276584
0.7909236068904797,-0.05425260564131243,0.34596691724566253,1,2.199555848581184
1.474332436515473,1.2553036672047755,0.06836222095884581,1,0.47178090903863384
1.6832061516125483,1.6025802319884395,0.14543955367621927,1,0.4063843088744715
1.2446171057768307,0.9553938880489848,0.05863225411160398,1,0.5517630114652498
0.045167942980991194,0.6233208285791033,0.019114378819763432,1,0.7948666884481618
-0.5409630572763025,0.5577933085496635,0.3964728844802899,1,0.47112800973516467
-0.43396343609162713,0.10110759417792359,0.26597953976470523,1,0.3997350780386398
-0.04124745289459166,-0.2795448210226934,1.460159876766422,1,3.9091982728248054
-0.16843682624280684,0.4833221156673541,0.2106703215617456,1,0.8560085983272328
2.7023750777774516,0.3512421417626435,0.010575844744693317,1,0.39280638921282635
-0.9311241866172376,1.0079317082364574,0.749566639524199,1,1.7835108079275104
-0.47106659266952633,1.1693512133626351,0.10441183594743857,1,0.4380265670910809
1.45340429330018,0.3918369397627739,0.03737635156506273,1,0.23888410222349452
1.0489862455383656,-1.2314653617544018,0.43049778776640646,1,0.7788941681581136
0.5589902543831582,-0.02319792307608519,0.17015710238997053,1,0.2856491391952927
-0.5105293837242941,0.44660314250105737,0.03933238618406655,1,0.33888538817453223
1.4029769301305615,1.0961917108208445,0.07699036698429465,1,0.5440254505550466
-0.8541181058219386,1.268874840216844,0.22955496881296975,1,0.5400711361938791
-1.1095717214927394,-0.06273433100031225,0.6362009542074895,1,1.8486393675074917
2.349225431759538,1.277409062522574,0.0024096319754114523,1,0.38676845401919163
-0.5672393747761211,0.9755137362599012,0.45535978142121614,1,0.971553294024391
0.2933263917748727,0.583043924924231,0.1378029511037667,1,0.5784915664514803
1.442187527017811,-0.7320340009620869,0.00608843390692023,1,0.10613728923465185
1.668601616127898,1.9247617757184108,0.03892475693056304,1,0.8855196988820785
-0.24801625863578783,0.6590893855613136,0.5701902585715981,1,0.6840219497149803
0.8134646705008154,-1.9469643895191955,2.5845595676364606,0,4.073391654266476
0.026361540999905456,0.253117431133016,0.06156862539597682,1,0.4379486557373471
-0.6020742549488292,0.6264983711339449,0.04528431802696274,1,0.5820458967492645
1.37799200613521,-0.10916431427220061,0.30532314617456374,1,1.062920708662443
0.020813970745798487,1.5781806304809416,4.738106617891835e-4,1,0.15330578843696346
0.16381117684719776,0.001725125409314966,0.13156151314856585,1,1.2535415186670327
-2.1968886157161203,0.4276618761756828,0.5639115197059545,1,0.6686248739737837
0.9913117256091327,0.6895383729988609,0.277756116773193,1,0.7137174558707934
0.9448431116857927,2.2122394998127257,0.021446078989894528,1,0.10301563283920734
0.30228079808528463,-0.3308689754125924,0.17844739312423105,1,0.961143102968315
0.57686357795963,2.031656796372857,0.006076273201285879,1,0.023547911770656214
0.3729276096543462,-1.2749717620564114,0.0019442377311834494,1,0.3513463928272898
-0.926693442130527,0.006075499746900632,0.1311055856200358,1,0.27271896738722295
0.762961941150453,0.987026709642853,0.03953661499199195,1,0.5023072246212447
0.7387061739265031,-1.3065858880325125,0.5389462795370603,1,1.5333343491232894
0.5808247999671101,0.04838990389394207,0.5308877118498961,1,1.0212224823304674
0.4830603995158991,0.03317197274917601,0.040245050445752106,1,0.04701239714264454
0.31707297493773445,-0.8848576689444321,0.4678687984078291,1,2.6727464653958557
0.5183690311125633,1.3824319286381457,0.04740675096398733,1,0.16910354270367947
1.1506236546250137,1.1275399495975962,0.20620217247078504,1,0.34606937560207457
0.38325244626610877,1.1944268300414744,0.02507457946258194,1,0.3232867942498235
-1.03730273877878,-0.6121760585050803,0.9327965208713951,1,1.4527296304571784
1.1548374715227194,0.6977884950449985,0.0037104807604370327,1,0.16904514795654396
-0.4809369564289562,1.0019269986382806,0.6158742573570614,1,0.704987804366719
-1.6497590718520894,0.6381414318416423,0.21024101389134286,1,0.2901480574984405
0.7605867136315999,1.5576939526358002,0.026271264751987607,1,0.21913990470366485
0.1487878777903207,0.6319957913246442,0.2608352748254723,1,0.7973102165167911
1.0304273874930958,0.9076369964204423,0.268465355867019,1,0.9732993564364121
0.40466043149300635,-0.985290414152963,1.7695880427033543,1,2.051672171842006
-0.2609719591847308,0.2422717498879783,0.9884053280982746,1,1.1426829572420565
0.6581876288054503,0.42305760122599034,0.21006432962056293,1,0.4614495550209509
0.19074866338933844,-0.8130862822840281,1.335396911662473,1,3.4374771388635312
-0.10641316550047322,1.1624776710488227,0.01897680482017068,1,0.04317149617915559
-0.4577494929679562,1.0406517820825956,0.12709266110698,1,1.0415689540919086
2.1495182944226605,-0.7854199563865925,0.019789389667731125,1,0.046185613172909146
0.5525149055383793,0.9061105116721323,0.12508339150193076,1,0.19498404202295985
0.7572014459765646,0.6280702533956423,0.01697326253033046,1,1.113620163783572
-0.8745475188136128,-1.1409130144012365,3.7437885010067586,0,4.693244829685122
-0.19337480417218864,-0.7224541187721274,0.48202004415648886,1,0.8269821484520594
0.24407197874049513,0.7727450974113199,0.13529040059469563,1,0.27335418737229744
1.8327598684146313,1.2171488676631357,0.05038139998030079,1,0.11911283317466718
0.19679011478833178,1.0554889835717671,0.04238616488185297,1,0.4367129575730143
0.31037185457399097,1.439915266184001,0.024456046692163273,1,0.1447236538880818
0.5097001675144872,0.35555609372251973,0.02925613350364588,1,1.2456604310200925
-0.1658730631902995,1.8578227482428826,0.16933268934816573,1,0.2951844209678689
-0.0036671267015727887,0.3393236770648087,0.09665252654540667,1,0.14982747860970091
0.7100625406337845,1.3147747938313192,0.008454960692365891,1,0.3717503519611456
0.12281759137203063,-0.21506231969702608,0.1173014422209039,1,0.4763270344160801
-0.05039592462624365,1.4233529041410808,0.25394365461447327,1,0.2648185899659838
0.39121520735700177,0.2108695569664198,0.7147724396706636,1,1.915961126112552
0.5447463226242506,0.3773042253397667,0.053242357071193,1,1.5011527279514172
-0.30670647845241567,-1.5411295323479401,0.21465401952034044,1,2.2103013358014003
-1.8721762012787633,-0.5101986044654894,0.2387170599208147,1,0.905789864839521
0.9103079424734364,0.7042942206171353,0.038554323389189606,1,0.3200648693613571
0.27788960470810037,0.627554823377555,0.08027847847600772,1,0.3700398803627428
0.5494795131195428,1.831471680085326,0.019585795635557224,1,0.09977903710002858
1.351444899993552,0.6393965542962251,0.04929729119987266,1,0.26980705399250365
-0.10370545670106103,1.3785600712206156,0.041342858244780345,1,0.31117267095172013
0.5688310776679468,-0.20100209467439387,0.2622031253317552,1,0.5842916361822165
-0.1188534633104409,0.18463627227897533,0.6333692965109533,1,0.7920053709897511
0.6172012329677407,2.503644332579282,0.02439700396827011,1,0.19794970804982123
0.12278822118491829,0.8616879792035008,0.031088266676302576,1,0.03903855007713694
1.5000998744137999,-0.3129196295761731,0.26579438953890455,1,0.5666098090459715
0.3321276244810971,-0.8669008157279918,0.9138409398597906,1,1.5062998723530072
-0.8470148095789627,-0.25286356083227257,0.05194400393035062,1,0.32048267400008024
0.41413849258414737,-0.9206959478860463,0.16407288556441063,1,0.4973960027839117
0.20984813318697976,-0.3256291822499001,0.14812173876468873,1,0.3334646209733869
-0.07505906734873662,1.0271572441096766,0.08753532412531821,1,0.25164161777546756
0.8014516367418842,0.9746644126894052,0.015454948445993209,1,0.18673693891465498
0.4420758485754104,1.7703776204115713,0.017840399067455964,1,0.021140902943427298
-0.3928940157853346,-0.4597658373273378,0.010304650746038804,1,1.7020604142469928
0.5028398046618602,0.6541660914449656,0.07871274248911654,1,0.724717531754817
1.528603238175427,1.041411710077812,0.0037622579955443615,1,0.26542544524640865
0.6380383947502164,-0.46438050335710424,0.0035143077431184625,1,1.2607330159250283
1.1475198409998293,-1.3249703926381404,0.23592436853621537,1,3.5014428509035342
-0.19728950996185954,1.574386349224515,0.008290741935015796,1,0.04894315004234496
0.461977830629673,0.5293791896820508,0.13176861154112077,1,0.14574245062578084
0.39700292049083596,-1.6125143367345252,0.938067497747244,1,3.3832089375973915
0.46957093029524727,1.0006418420376213,0.022695468866889553,1,0.21942025868391904
-0.7371353708978875,0.44797564766056325,0.08953852122332748,1,0.761508970632861
0.6133008486456335,2.370108088494273,0.07687820332481778,1,0.13675237330524162
0.2888952992558654,0.12160101194431203,0.4359946819352386,1,0.6562452806792612
0.5344468168426675,0.3790714761760133,0.3273030808784046,1,0.8081628328611887
0.755908411490047,-0.11739387559346615,0.015338135908353987,1,1.4704599819817838
-0.9217187303090888,-0.02482607613977892,0.13956923421961154,1,1.5662768316657145
1.2938326066642434,1.0976081358632293,0.06843794207415871,1,0.09996882498484015
-0.7276249366205964,0.6325308449057881,0.3586986969740374,1,0.853930354993173
-1.4925883092267613,0.14175535443158754,0.4054530959527387,1,1.01097910751487
-0.2750912739405905,1.5676175553057234,0.04168842585619233,1,1.1065282474809397
-0.580477303432146,-0.1753701754634377,2.5141837877213447,0,2.6949389985673955
-0.29311941126511754,-0.1605050329470286,0.6359062100828853,1,1.7848687634859397
1.13063061037657,-1.0535906919003224,0.6210395572324939,1,3.6082370513761983
0.6437837295681006,0.19651225768619354,0.03747845124900924,1,0.37967406911788437
1.5785723628104318,0.8625133070308517,0.07925157700219089,1,0.12910929747193903
-0.011762755230043843,0.15776626222963355,0.44277917272169387,1,0.4576843963408054
-2.048097303637518,-0.9606123041838874,3.4479711464793685,0,4.245872379765723
0.9762983733363066,1.1702891353489966,0.030492464516821745,1,0.10302739436366089
0.8040396726009084,2.1617012239750437,0.05660692559805143,1,0.3287461541421836
0.8486233670364867,-0.6442725127121492,0.5500044003103373,1,0.680549999296748
1.415999240633846,0.12112320694501476,0.12081200194706788,1,0.6298898941671427
2.2410223755345284,-1.9654515142636988,2.681473635333262,0,4.233738235305119
1.516326058391078,0.35897924949681476,0.014301389217921599,1,0.27620552815631605
0.08405519914854158,2.9380847740671374,0.005897803698813328,1,0.0275271981811579
-0.21429881783843135,0.5300033083566702,0.24495560074734565,1,1.0701784343571468
0.17596639941862038,-0.52237360990368,0.3850731659354032,1,0.45224053102941353
1.791369481934135,0.06145243755675565,0.13057770052844006,1,1.6377386981062667
-0.30476696959882266,-2.69319768785271,11.555885020589024,0,14.147555313000685
0.4364426745155701,1.3631435768677687,0.04086134703555623,1,0.22666103719169328
0.3344780051015123,-0.5342282269444945,0.09557423174114517,1,1.717114078968548
-0.06280052293263788,-0.5183951852497968,0.5852756413300402,1,0.9795792934004448
1.2027356574298707,0.16809534079565883,0.08533657696723862,1,0.9013517367453157
0.15701757294977736,2.0126845539642786,0.011928817969707043,1,0.4225797193170418
0.9431673720395378,0.6041904224100978,0.1666558042137568,1,1.0278165398450303
1.237521479342766,0.09028476939919154,0.025433802992639008,1,0.655512517011953
-0.2580783633326707,1.284429717786794,0.05401324624033907,1,0.24460386794351624
-0.39419037911969185,0.9192262757750962,0.0657575639362403,1,0.4137346421205266
0.26557448040937354,0.5194218205920765,0.3984641625354403,1,0.6630105366788213
0.15044510212130532,1.1353242835418818,0.007586446838171786,1,0.3724861440135782
-0.08906752433938527,0.42334685447057563,0.07123845618316091,1,0.2017191530502685
-0.15836983375483957,0.1713611174332138,0.5621873454147265,1,0.9211850434223986
1.869327700698008,-1.9433454421815155,1.1613987082458197,1,2.6537563232223205
-0.5445841676942605,-0.5627011825076232,1.3400389958061678,1,1.815784608861498
0.013792949399668634,1.6429244871218234,0.024433643448702917,1,0.05094634408256244
1.7930471714103609,1.6485170133800902,0.02447939711775251,1,0.1314503658042014
-0.4851312825341191,-0.2390375108734343,0.3979772075875707,1,1.366232734400089
-0.9741202282654187,1.2019371979966202,0.16556669620539594,1,1.45409000859328
-0.16257272676028478,2.356393614519438,0.10771992240219229,1,0.16299366636515736
0.5970280836856412,-0.24333414688043387,0.16761554785370075,1,0.6623865256596783
0.888023033488528,-0.11623716530389099,0.12899716480508544,1,0.17545542415027215
0.1967061232704526,-0.6890920331267211,0.16716473375808585,1,0.8504591502534052
0.22385488799655062,1.1620355893966514,0.1360817045172537,1,0.23081408558829905
1.2713699104477738,1.0972661084940014,0.23013694575644073,1,0.5141009751461625
0.36653045239659865,-0.5875225000943951,0.14996729205489062,1,0.28301481057034306
0.3042110048953665,1.2258914269326866,0.1310038037923142,1,0.1641333528565399
-0.14674517423724784,0.3635782351235058,0.033439668104285745,1,0.21658345702139736
0.24889753939723086,0.6956487102893861,0.11590761426067533,1,0.2695263752599083
2.96829772312335,1.037276870350038,0.010144674284021842,1,0.025874416767427084
0.4336190004556683,0.89416806665504,0.20028670554784322,1,0.9114432952550177
0.41896946033319593,-0.024601397806121972,0.48832817192081907,1,0.7239670467902756
-0.6915768004254769,-1.0190677937617256,2.7517821503185167,0,12.000627216110217
-0.24482443796093467,0.09478772579790892,0.0416618330110337,1,0.4088724415978091
-1.0785250498909833,-0.24858528490739387,0.28245973617263026,1,3.1539980815390956
0.9015018505405272,0.5013503469107684,1.1779790572496962,1,1.4230483332436712
0.28852201145491857,-0.05654652184841616,0.21167196330155102,1,0.7676396780472522
0.29456275334451637,0.17675126148008985,0.07918205333755127,1,0.48815322836304276
2.569114183496465,0.11453967684087787,0.10235874841879918,1,0.4694483924370771
-0.14073288625252536,1.5787899274923793,0.0741607999962962,1,0.27874413401825454
0.4456490099113259,-0.1585092183899128,0.15178603904355548,1,0.4344267617527965
0.9574956316548826,0.1210797503638488,0.059540853523888465,1,0.6795333414010316
-0.24251164699834504,-0.9179969011513978,1.233442556910898,1,1.3042778584900205
0.8906571999708396,-0.2873157592220442,0.36579411153724783,1,0.5327380924278378
-0.07081056366800835,1.6695843404299173,0.16690454246220923,1,0.33939446096671694
0.31810834917781555,-0.6730224452783597,0.18502265034489815,1,0.2450252526221016
0.45114908538639603,0.6349991391961957,0.09161035053093722,1,0.2912634237496499
-0.4076477704625751,1.3551479406670224,0.14904914472195216,1,0.3780892507797055
0.8839167981891611,-0.26618933056364813,0.6828216288215546,1,1.9334640324343746
2.353529507696618,-0.6851159023552938,0.15355653751169968,1,1.3485146583374128
0.5722130921295391,0.03646853897881426,0.004103689368632982,1,0.0539626244908155
-0.08488867452922873,0.5232538986129606,0.014069146440438563,1,1.3745459095170518
2.3143331555216404,0.2868209382885937,0.18600798252707115,1,0.3359166834508104
0.3926734331405945,0.37377938795724347,0.014662201589619634,1,0.17707758473522753
-0.07337676802739802,0.027629250579282484,0.07960210213792675,1,0.7342911498841208
0.6553423320915747,0.7554728939753321,0.1970062153421023,1,0.22511212780073683
0.06412426784364503,0.28512904054828697,0.02813825750077339,1,0.3045014335442609
-2.395301534246615,-0.08795902933525923,0.0210445495675066,1,1.107675081554996
0.7075013929380811,-0.3306855501974489,1.4371738213277063,1,1.91398601404216
0.03879740870558652,-0.6430351663996691,0.5955972096692412,1,0.6583447321311882
0.36659228415781475,-0.3003240553485813,0.9318097089767517,1,1.4766399977823814
0.6953005593068531,1.4284171712184641,0.028086018777686322,1,0.10183521166599022
-0.23932680207570653,-0.15208108880749815,0.10039215225505436,1,2.836301942905064
0.6228500112964239,-0.6058739983429793,0.13219178785643518,1,1.719212549741085
-0.7327942348541053,0.7573375042560435,0.2455175624490923,1,0.2703897921343835
1.1213264844169257,-1.9209725996719225,2.623121537763324,0,2.896933821957188
1.2222508915020944,0.2926180972775956,0.11077574474640815,1,2.8648639662172837
-0.38990496058743773,0.5527895639697115,0.031236123000756386,1,0.6774189966216374
-0.37246792554949715,-0.4639692008974741,1.097654675268117,1,2.1313098638114445
1.2146945254560357,1.0456226632179353,0.1796222165857577,1,0.22921010101511352
0.28061197044119046,0.4123840066410274,0.007935801482227514,1,0.08446821933732013
0.550877274105068,0.014130523839470598,0.6014466924208719,1,3.355617673105204
1.0313077706792806,-0.0400565620296985,0.010046580235322757,1,0.8981007134353991
0.623507245383411,0.7775206432387712,0.5553599093764815,1,0.6336617004068584
-0.49650178107231574,1.7528611873337052,0.2803393904708875,1,0.34978975387284095
1.0433623630277702,1.2994608437569732,0.18023380910013279,1,0.26933099919279613
1.280460065206296,-2.1555900801709824,0.7008600524826465,1,1.2370204543436263
1.5138009959176804,-0.41979182605081317,0.23582856564151805,1,0.7433932512906111
0.5164264833919808,1.13101869349759,0.04050913938598773,1,0.07795144238786096
1.8530698562884946,0.27279962412459036,0.34914053334053136,1,0.9035778664077379
0.7022108499282094,-1.6661094979263984,3.365635501934182,0,6.6482020511068765
-0.003859734332831176,-0.3009402458091906,0.16164115620331027,1,0.7460819074078495
1.0910847678127877,-1.4125629055460478,1.289594095606876,1,5.160277177151918
2.0179714382023874,0.7426342239741772,0.007058044607522955,1,0.09359831352634371
0.6776545157773545,0.7885869135637786,0.11506366954966188,1,0.26606725421786315
1.582144247015036,-0.6962295216693309,0.30078748488938745,1,1.931348516114586
0.1626322806271485,-0.009913973122590835,0.23077089841785853,1,1.5440765812562753
-0.3669742208617227,1.3216452953452749,0.16478763503408161,1,0.2740662666558088
-0.3506875737395758,-0.6823727867741305,0.324496850838795,1,0.9614641791138745
1.3293513033606934,0.9785143719104946,0.14108403522063936,1,0.14545249319666373
0.43078027713428585,-0.002046850282729167,0.15359148729709182,1,0.5300506116417916
0.06661486517063316,0.08997155091027693,0.7332638790356227,1,0.7886835255602906
0.40018791746908283,0.6295189733523815,0.26075633246967594,1,1.2382920426146207
0.06552428512398464,-0.6649576693041754,0.32414755452217964,1,2.591705221701859
0.835048777494327,0.9983129884310129,0.02901769081771876,1,0.2606992290313469
-0.4156587076223346,-0.7502741216975113,0.026615371866834155,1,0.11357659901044362
0.9139667184322341,0.9527417403328454,0.007936797557492437,1,0.18264175706420038
-1.146818567464426,-0.8680548461712271,0.10900486946546953,1,5.3032307627809745
1.2412662357619648,0.9827408150767747,0.10374939347103537,1,0.12256275935688249
1.1967880888309395,0.9333516478232461,0.05873625318108426,1,0.0801757168452733
0.6248192621038763,-0.40242336940526613,0.013316596161356943,1,0.438201364364845
-1.0557610819572827,-0.3680011892199532,0.8328927621220367,1,1.8798348945745402
0.9960232503906968,1.1610475177345578,0.13104685735392846,1,0.34946935453313827
0.5478974641757496,0.9174766996793713,0.06491567841193426,1,0.3052758376463271
-0.8651708088142526,1.1452746086756698,0.22110790096202163,1,0.5522131468529
-0.19670949705607368,0.7010483941649173,0.002762026621224586,1,0.5638562003381493
0.4545921050095349,0.9439126018694617,0.07054566666788235,1,0.1938927204255442
-0.18009438132405667,0.7477487677775572,0.1315320704396369,1,0.39540178654515384
-0.11050760778962478,-0.25015382647639045,0.6294343070737866,1,2.1697321488139063
-1.0865297569288033,1.611856894956206,0.04752405665934413,1,0.2021949244862363
0.833313900416335,0.482848985344184,0.09256692015059688,1,0.7711201450946779
0.9735241793262314,-1.8788918964797232,1.3537224950704554,1,7.332817624890205
-0.18309604467840032,-1.3378114694716705,1.8468151144522265,1,2.703095074961473
-0.39501792325721496,-0.5495758189952638,0.3735020530998522,1,0.5601481499796934
0.011972932815007466,2.8113687086993666,0.03035165524843588,1,0.03648565705520316
0.6496570954978756,2.050590705961064,0.027108134864887695,1,0.38731904135069806
1.4173086910207988,0.10930760207369863,0.14398672035212906,1,1.4230025698611257
-0.16258774185204156,2.046266913859881,0.08166059811552635,1,0.2663495878550856
-0.07043014286554926,0.4585281914605105,0.7852878234301713,1,2.200030989990728
-0.5123805965335368,0.010181685158956361,0.007255282504946294,1,0.035054706463413896
0.34118245802432895,-1.0704662691181166,0.04285316935825097,1,0.25483920649583497
-0.9151483233134076,0.7490748294867319,0.31313432353697834,1,0.3421737462748645
0.032624901494646995,-0.3768419327675433,0.43010200757608147,1,0.7242407381114542
-0.8660666445559402,1.769878985310422,0.02274695515804237,1,0.3000320055941986
2.1112951475900377,-0.43754564997715084,0.7446902066021178,1,1.6663135561615692
0.43902643288397303,2.3927584559211925,0.1812613776716243,1,0.20683173958505804
0.09322151406400606,1.5486121732607567,0.01314325452912825,1,0.09522487703901364
-0.533153543134929,1.5085255941604774,0.19444913364836391,1,0.21116019993984633
0.474529727002286,1.1822100774864175,0.44575324011893147,1,1.1478216345784817
0.5084885223599338,0.5425714028157702,0.060078213368549696,1,0.3829032701484884
1.7794074863719374,1.1057566089680628,0.017637787199748952,1,0.24730421856617038
0.5099382799597546,-0.13234750443513832,0.06122490874083876,1,0.32879318826579873
0.41895488981716306,1.488376665976794,0.12874718352296094,1,0.5234739314069375
1.8321910597468194,1.687701570145794,0.16185468074469384,1,0.5050257716175337
2.3056184185477666,0.8136060424729982,0.06815150942764721,1,0.1563926934657306
0.5353177989741643,1.2474533645724735,0.11242324146782606,1,0.1902939284049484
1.9844379018754372,2.7071529668033665,0.006567583149758136,1,0.15400003362003087
-0.12432293848765975,-0.782446317295354,1.1998545301452204,1,1.9812971169613776
0.18615553919977448,0.36842393004183355,0.1704446401200673,1,0.41388609572894297
0.45011471707203543,0.8382706465157427,0.018795539060391414,1,0.12545997389228802
1.2957140358162735,0.4696101537375089,0.1337635867630369,1,0.15668550132700784
-0.26251725690314487,1.9256342493865137,0.013958604978783287,1,0.0183057418517591
-1.0522793618891932,1.0663925918889174e-4,0.28942240767254385,1,0.674566862506721
1.1757496808604484,-0.9242024349014435,0.2676300896842252,1,0.4955358071989238
-0.07868068079415234,1.0109870370969283,0.00818856049684321,1,0.050998283983859645
0.5019614495345285,0.1809094060252469,0.33382702582039536,1,0.379674472312385
-1.792468966354223,1.0876330290736178,0.006430665917634084,1,0.24375320396997432
0.9589271546872854,1.5626449825421083,0.07712927388959737,1,0.213956670055548
0.11796022729308639,1.0220241219789126,0.003301246738481725,1,0.12442834360635911
0.7667579238695408,1.1639638722783459,0.050969849959507874,1,0.065317532208323
2.219960181777031,-0.578022543860484,0.4019325236859703,1,1.9400757655363083
0.5965558069392916,0.2075483761486399,0.06468691350813688,1,0.7977271348449363
-0.14752572853894066,0.189717046006596,0.4201281337384808,1,0.6962209551372948
-0.9748312189716245,0.4170077217723972,0.34910107269284685,1,0.6463992989591535
-0.21909797000776576,1.3385548378597452,0.04937603004860586,1,0.5006316873176857
1.2104979898419035,1.1133772230994103,0.025960511072041052,1,0.19191901155225582
1.6324485329245253,-1.4822603175120395,0.6029324450714566,1,2.4498368615236807
1.1803206084036986,-1.0081183002912446,0.23429832813962387,1,0.24718063543055288
