x1,x2,d,event
1.4974246962110391,0.38754178630523406,0.26294764546041643,1
0.08617604608634699,0.7149942785183051,0.11653259302827812,1
2.7006366230693253,1.3385524750715785,0.10332408085261605,1
-0.6580288004635181,1.4723480332303356,0.29723057376190654,1
1.381241504008154,-0.2204047354359645,0.5815576663849372,1
2.38851977000581,-0.2837458438611006,0.26023712409304073,1
-1.1974972333872616,0.48569349889876845,0.004120841433784122,1
0.519863931811231,-0.21933319226236778,0.08077402888421707,1
1.9247913840098827,1.933734170207236,0.017235715396341285,1
0.1770928830820745,-0.22995616647139452,0.1129579567148527,1
2.4889987466338868,0.029656154749772626,0.026123191741429574,1
-0.645946645596137,-0.4923471274952565,0.030851004162980214,1
0.28609274718914446,1.254673475944943,0.08642371787975846,1
0.98744470341339,1.4577709728101942,0.06398819104706548,1
0.7069066535580922,1.8385660483500241,0.09334308849154938,1
2.018677554064285,0.3423898972281003,0.05643680561937808,1
1.1290737019726398,-0.6599175512438742,0.07681452790276828,1
-0.04252846802065096,0.4392578715624112,0.11339614696872663,1
1.6270149856471072,0.7730463634353324,0.015275601543893477,1
1.6051140428809683,-0.34536606437802636,0.26525436520817336,1
-0.2804183253356079,-0.7947951948154821,0.12750784193993342,1
0.4474683266063355,2.952709878538551,0.02868748025892301,1
-0.14325867592014757,-0.7649079538052433,0.0442326604765205,1
-1.4112627235093993,1.3728590832450742,0.045293688801995774,1
1.1648832716597666,-0.4972339870282066,0.2596631582272576,1
0.04947056865355062,1.0357631765257262,0.04199719967726434,1
1.0290813904348668,-0.31382477208045045,0.01148417861785438,1
-0.22767558407244975,-0.4426681420795097,0.2714798189641456,1
1.8907800350545352,2.2961859474141684,0.023433973614842053,1
0.26879092683314654,-0.8140006843043466,0.34462095159581124,1
0.470029213315182,0.9907136780913242,0.4819413043740115,1
1.2592011306939557,0.1750776038212691,0.07128799392180984,1
0.20758970392942352,0.39735108448181944,0.13955582538059166,1
0.8063482648173576,2.5399424759044025,0.05540409382969374,1
-0.5565563666418394,0.4897430220552715,0.5110355212346631,1
1.3995865689168876,-0.4088912562033566,0.7620455937660628,1
-0.11938726791753097,0.6901623892641482,0.08098007722760385,1
-1.5057373473731794,-0.002321872467061447,0.5986922623586125,1
1.9763695742281595,-0.6379170688670138,0.006381961523120444,1
1.3289289635619144,-0.5496868622641368,0.385007601417541,1
1.2835256642467199,0.7377865089732105,0.04809972462391107,1
0.6214640809887593,-0.060265146452921615,0.6698472034021749,1
0.036800034884545425,1.9514405881482615,0.0012709596560334876,1
-0.3324431635748015,0.990031199646312,0.24841677254869643,1
0.1494248493707417,-0.24961847409468269,0.368487230407986,1
1.052948138926951,2.532113829050829,0.03620190541252927,1
-0.23205929878244255,-0.5994661771246571,0.01767174939155685,1
1.07127151576127,0.3084129122404074,0.10306967014335243,1
1.2370632424684904,0.7244769222921417,0.17398865831340013,1
0.2369565897041637,1.596205439291398,0.04256357306091863,1
0.7889421024142024,0.6782844058579082,0.08332721277274983,1
-0.08781585266792791,-0.2447721055969018,0.26958220381907255,1
-0.2978817647743,-0.7411513332057732,0.025238346313881173,1
0.28834418953341734,2.2357281383078513,0.0156547699779807,1
0.18114372410837257,-1.488661795757566,2.650851004951806,0
0.2521348521540609,0.22567573454107592,0.07752539454629871,1
-0.4185026246533548,-1.3579020508676973,1.3844344917821902,1
-1.3589352141689042,0.7717074900584469,0.09714892212571061,1
-0.8287708958052618,0.710289170585388,0.3625162061434431,1
0.638289928749932,0.45659985303127354,0.15932078553376294,1
1.7448619083213854,0.5476501309203256,0.09161050386223772,1
1.5680993908563507,-0.7727525182578745,0.07118378325301038,1
1.6505996145896678,0.3656725868183816,0.025865500473248513,1
-0.5399596893391941,0.5119051411402468,0.22296978511921983,1
-0.8195070019377173,-0.7116926996550554,0.00964740082489883,1
-1.4462315569952457,0.5947867005827627,0.17495631576397858,1
0.62266363564679,-0.4863116072908242,0.3667957903421766,1
0.8907273276136473,1.686632941170565,7.509456291499595e-4,1
-0.6144856668137063,-0.3814440318350368,0.20363073771876375,1
-0.5494084851229708,-0.4698036256259369,0.928748719849028,1
-0.48614529193036643,1.1866427565062072,0.19271820978232107,1
-0.6773192961166931,-0.37797430685689454,0.36590061935460333,1
0.7570137082743676,1.9181892715176359,0.028384350728880743,1
0.7089698614328807,1.1079779105592127,0.018559370445290848,1
1.3902751192746834,-0.7296670949568873,0.09934569511120778,1
-0.539040352345101,0.4455752654595513,0.16972638270929916,1
1.127546490015954,-1.4403615276578443,1.4053812849801375,1
-1.7021963523305186,0.5619243256395852,0.602017257063309,1
0.40051701237594795,1.6584037731729782,0.03706916636630387,1
1.0283656428640973,0.8494539158961629,0.00719355403071691,1
0.6537401988008098,-0.3550361428902122,0.0012359980099508798,1
1.7683607778602428,-1.508706503713662,0.035117415710671694,1
-1.3741646374498167,-1.0404983381299455,0.629689670582614,1
0.6183986255870401,1.87183103617574,0.009120844406769548,1
-1.3666360163299522,0.6447555434038281,0.023817806242179874,1
1.4043440201999617,1.122896055616283,8.98902673001668e-4,1
1.4166134315281904,0.6513388176715651,0.0077706342471625224,1
-0.08987210159803827,0.23562923703898891,0.21666710858761334,1
0.3323054936231183,0.5724053586622246,0.46009456806636967,1
1.0998476722060089,-1.478403835874259,0.5537538755420659,1
0.6934401785014891,0.61169172842539965,0.2718746205279299,1
0.0033712976400696428,-2.195390588894136,1.3190526666733,1
0.11820766412570805,1.4076465107902356,0.023957616202756285,1
-1.5331741502549299,1.7131085692902543,0.10276361353948049,1
1.5936046995205033,0.4931897761960505,0.0310613281263944,1
-0.20843143667978048,-0.16342256231683977,0.254409651126436,1
-0.4030133973921669,0.653535762688188,0.05993418573938867,1
0.10221458759887943,1.1649987679176743,0.07485513621243053,1
1.2056469405498416,0.16540100211241573,0.20019950417902185,1
-0.2461845042373965,0.6466252999420135,0.03825144243727769,1
1.2092652816691931,1.8896188964240852,0.05566055411935101,1
1.0331659215546083,1.112896558112103,0.5224471861601674,1
0.2186358665680323,-0.5890599422426525,0.9471566053112099,1
-0.983372228501504,-0.2416446855644769,0.6922881883583625,1
0.8868416906163269,-1.3217883250498716,1.6238081252466767,1
1.0106556726712979,-0.10824058671585284,0.18192703365043564,1
-0.21852170814059638,0.9954764725103734,0.670323096153474,1
-1.1839450740654005,0.18114838197058752,0.4325413828481082,1
-0.41635467488651917,1.1406160226156932,0.06148320096154119,1
0.06842916111579264,-0.49321606718067473,0.06581743705405979,1
1.6294968404164043,-0.2079210293086712,0.12125224673797312,1
1.635590885235995,-0.21248952814139924,0.01774158960321889,1
2.1711269128469683,-0.08823330532430226,0.002064920298859528,1
0.8298469278962802,1.1515478214997885,0.07512477515960786,1
0.8413390190788353,1.8630112999639579,0.06027177069973873,1
0.8707150585113917,-0.6256659951051953,0.1400551762854838,1
0.1702512289552696,-0.8706776842034045,0.5221856601070295,1
0.9601573042723937,0.4887850326097641,0.17380659120076528,1
0.011964986003801456,1.1971402522418717,0.09761732866084187,1
1.50820096060339,-0.12133791474152117,0.3245438629859667,1
-1.2028490109357741,1.7340197585063128,0.04412568469847962,1
-1.053743604122482,0.12167626223336413,0.08229045220676919,1
1.5655286962313995,1.287687361572205,0.005740268588417837,1
1.5006875766122092,-0.8787591154645902,1.0791939836443607,1
0.8844479208956251,-0.07762207952093991,0.01948656917452366,1
0.32774925064568783,-0.17312911546780668,0.0169425380171082,1
0.3072602138608458,0.9482447492708279,0.3073749844037449,1
1.7378587871953066,0.24170497568296187,0.007473964487102598,1
1.297292271880646,0.9252830286510724,0.10665396296654217,1
0.21181676109457942,-0.2410827124529538,0.11532695278505598,1
-0.02915049733227812,-0.008697818706023817,0.21360146861181872,1
1.899243346274254,-0.22199541432677505,0.08719833281660813,1
-0.6332484666088484,1.6479044030983927,0.02707728696087792,1
1.3625252256079163,2.9841752561793466,0.021230969630346447,1
0.5927160638868473,0.8232627945361269,0.11482678978547552,1
0.6892026437142933,-0.14116595608373947,0.17591092670566177,1
0.8583076997138147,-0.6272838613381841,0.6779669309727735,1
0.5965000313593928,-0.07705896825924242,0.06415726043387056,1
0.39106860913724023,0.7529169143868154,0.00742123665534921,1
0.47563836741374665,1.2777900874146872,0.1954597666711357,1
0.877381145953646,-1.4344755076511504,0.067524110213501215,1
2.1344262304115214,0.8012721994369961,0.010920015788888527,1
-1.5001283222761175,-1.1546602352726083,1.3254016079931814,1
-0.5260152434076996,-0.6318665473987995,0.1764092116268317,1
0.74703313289257,-1.0880231193016183,0.5780353285172216,1
2.644487992224785,0.4946346612813433,0.08531848607278912,1
0.9540645563260142,0.804302069992598,0.32907159807403835,1
1.7218823582247507,0.6965179280171944,0.021292873317697098,1
1.2038615488321311,2.1540924700567654,0.010504099319501282,1
-0.4596292821790601,0.27190495632707423,0.09316980610823496,1
1.5099691882888469,1.3577792497183276,0.07592737019970627,1
-0.5069226493782952,0.8315314958573055,0.029945568342394317,1
0.599881840542276,-0.8075089133570507,0.1100404203933825,1
0.5859547302082294,-0.05164470902869595,0.3048276159563401,1
-0.7048393498993829,0.28385761611051896,0.10567813658530108,1
-0.8818167287271413,-0.40221449438323914,0.1287850719326354,1
2.47432768086427,0.1622943844511072,0.35357468502953987,1
0.5990564448258517,-0.8155229528564771,0.31256502116209034,1
1.4946760960357903,-0.30608165643421054,0.1370410849800934,1
0.1703525699626735,-1.583984722814065,2.0643260869237543,0
0.6172952401911331,-0.7576393427764956,2.0244338167183753,0
1.3963599963116127,0.704017218271511,0.02113992047797311,1
0.6216688867313508,0.22386241703597518,0.03775774643781169,1
0.11481446549039984,1.0490895255288866,0.16673810101850917,1
0.8536954824037474,0.7977559752324531,0.10162368492194451,1
-0.6306854513834499,0.026218411717666135,0.16236948579346355,1
2.201796494088536,0.09904015609874532,0.012735280140109472,1
1.272257897982512,-0.2777333277511391,0.5038187676238817,1
0.7108655231589366,0.5015707763722427,0.006802330668425046,1
0.2688127616879475,1.0457909980821263,0.15230988640660348,1
-0.3146076255145919,0.919417184457935,0.11442602281024444,1
0.2982634901139408,1.445033252077573,0.019202982537429584,1
-0.12620706087528874,0.6518673815681197,0.1023755790086364,1
0.7061508596962973,0.2834774574151071,0.48360392455537665,1
-0.4464583150442555,0.7906398178776555,0.17773831319844074,1
1.02152740077693,0.36946583018987145,0.46656410186137093,1
-0.2705923897032143,0.07785566865023091,0.6226796778740658,1
-0.28060067942894784,-0.6153539721014409,0.39838029103779027,1
0.9878340549979654,0.04770142489732605,0.4820565996063451,1
0.6074003410278729,0.07718009142815817,0.003941109282266414,1
1.810408098402018,-0.6767753503125409,0.6156960999605227,1
-0.8127632556062744,0.9062933573225921,0.05335451479182859,1
-0.6166734102169439,0.37016580141294947,0.18375312146366898,1
0.6941037961391849,0.9670425607461647,0.14171847084574324,1
0.36418420904185933,0.12483581525310841,0.09417585015380908,1
0.8062420198155444,0.16214992446060233,0.05118535598543969,1
0.8239604582421758,0.5243151392128178,0.009641415677728997,1
0.04967777483189761,1.5519345456039273,0.14959517794998076,1
1.2814597459024928,0.13669905495223206,0.0019413103916711097,1
-3.22330723370733,-0.5035963777346714,0.5364580473889247,1
0.5273805360243361,0.6057815453286243,0.04703081856770358,1
1.304370057163941,0.8533285162764545,0.10095005548919422,1
0.741769952984625,-0.29304220756609584,0.4049917873232349,1
0.060137246355976254,0.9289829404364883,0.13515888191901373,1
0.06001589947675258,1.6974807357749535,0.002123225862276003,1
-0.6811513613216481,0.6932994256468153,0.16132506809857144,1
-0.44464957076848616,1.640221336216334,0.15497270597497112,1
-0.4399667733351086,-0.11549278807206408,0.025577899879078707,1
0.018869570142368265,0.44555425096576967,0.11755383851927759,1
-0.19281802766311681,1.1824322016417819,0.18392712000109673,1
0.7798980804619469,0.4061848767701163,0.10712110608451103,1
1.2345843988943395,-0.07709041349132069,0.0152821497267036,1
1.1126938123939685,-1.1774064410161953,1.7965993339171022,1
1.4684622767071427,0.7444447370743712,0.03182456307838908,1
0.5362088263306268,-1.2838123090572438,0.16993556587028505,1
1.5659147661051687,1.8500713094901937,0.02418739815871542,1
1.6265207968674247,0.9135457440172866,0.027499042381850095,1
0.2909874884297656,1.2965224301155347,0.05762663111541883,1
0.039343064226209874,0.523875396976593,0.44556665098268733,1
2.193586761055767,-0.05219159620124111,0.822494508860838,1
0.7258175002325334,-0.04110066400772106,0.44943780829092306,1
0.14253297842398813,1.5734882500498155,0.11774009781557727,1
-1.102109528649706,1.6358603506482228,0.005598483197522564,1
-0.05928127710358895,2.181285637981331,0.012410322307623902,1
-0.7383591045848621,1.1812183101780147,0.08896194566731917,1
-0.19508992530439057,3.2358327699893668,0.024523592512827506,1
-0.2303655332738321,0.7661053849029557,0.20813671395596947,1
-0.3754606160480551,-1.4674872057165513,0.4000936059691082,1
0.14413124830210428,0.8869521577356398,0.05867855017532283,1
-2.119087396104601,-0.19163771544251296,0.37632263615010675,1
1.52846788595682,2.392551275168393,0.01459918997327559,1
2.347629361175973,-1.6395493232055727,0.5937433335090087,1
0.5951626609118651,1.3284774660653569,0.004636269468702899,1
-0.6181172010907492,-0.48993962247760375,0.11780828015933763,1
0.5559276115710095,1.785003505290703,0.05118089698896151,1
0.5623145870744906,-0.3636367422495833,1.9646654039370572,1
-0.883055966808603,-1.1808905211224159,0.9428288323576455,1
0.057260802451008744,-1.1213415144804375,0.48407303552234743,1
1.9964344521696906,-1.3459091867954263,0.896908509805136,1
-1.0598353904907614,-0.8029122838467463,0.06420630018476313,1
-0.5311321568775479,0.6381344437628217,0.14633766994127836,1
0.30857263546278735,1.6283045937783631,0.11512681520427792,1
2.410746426820323,-0.47244768171741974,0.5727011202718043,1
0.42354028753174056,0.5995055827477261,0.02836207498159167,1
0.22818094538637027,0.8853039383924102,0.012247016963962307,1
0.21078995637472805,1.4185042371684262,0.028013239561755335,1
0.3253005353773817,-0.3355502402395206,0.10247030858432078,1
0.7387693606519407,-1.34495247964234,0.07063335304862622,1
0.8966547425819865,0.4809644887362232,0.011048363310319675,1
0.13542904045583898,2.4522725976750412,0.062005707205392994,1
1.4981556978162298,-1.6177794197367328,0.8517403419056313,1
-0.5963106367202065,0.7230332091879434,0.097014006702939,1
-0.3112047919680719,-0.3656657318417467,0.5813524906579032,1
0.9932829368737064,-1.3076391181030336,0.2628625819666273,1
0.47783124697067003,1.3007315142457427,0.010193280105440225,1
-1.13324675462843,1.5330621543617713,0.016969579203757534,1
1.8115396329023232,0.6652969611830309,0.22536712581910637,1
-1.1050888859400423,-0.5479255497965826,0.14847524727402076,1
0.5909071388111953,0.6033574675407551,0.096011370665435,1
0.768801995149809,0.6467794178163407,0.4024877208637283,1
-0.016955572207824728,0.605331658384781,0.07038382917993068,1
-0.04204046384697143,0.0715559355231026,0.05565180970800757,1
1.5002320932014706,-0.15219003115418164,0.013349167549380868,1
0.7436856158368399,0.5786658498672015,0.2800362985007286,1
0.5566890879423062,1.6816548048285342,0.01852501802994335,1
1.567792395518084,0.191321693768479,0.03810699871903785,1
0.6453133927009972,2.452580277581487,0.01090140086092409,1
-2.0519385949616598,0.5187853183709349,0.05549439419420436,1
1.0428748850718004,-0.8913134699752582,0.27788861332484116,1
0.7164299895007563,0.8450994054815466,0.029764248439018124,1
-0.3415069954290545,-0.6456954004319162,1.3965405296440163,1
-1.0290246816765938,-0.583306528461576,1.6699660392280766,1
0.5208774623604544,2.3323181772272186,0.09552560530171264,1
1.7984629481473935,0.8080576773543183,0.004077183615292097,1
1.5388270267049724,0.5827445127990716,0.047353984467366224,1
-0.07395583449749042,1.268514335717361,0.003148859053163057,1
1.72827020634536,-0.7232381889020736,0.1206200291528479,1
-0.9164453129155745,1.181498742597133,0.06022800787941254,1
-1.1409914517488424,-0.2857620571003929,0.06518756387113613,1
-2.4861486503232113,-1.16757979193895,0.5998629252622648,1
1.7155698447695313,1.0470145754309226,0.2070860849649866,1
1.5535499165887054,0.46535435487690524,0.005632305047030536,1
0.12201875850758534,0.6380836554472694,0.04211756092943142,1
0.4424400653717668,-2.1928657832405767,0.3771843466765374,1
-1.5609727728056537,-0.47876931062328204,0.2449208765810155,1
-0.25641516373371254,0.575353763977598,0.5891522337159847,1
0.9520849852523267,-0.03776750827579447,0.6351768937443949,1
-0.9449180203278993,0.9649757817828707,0.17386422481416927,1
-1.4954359561328128,0.7598409701278394,0.24643556726649102,1
0.38373792110961963,-1.342076440250069,0.7985219757776016,1
0.2404319308866247,1.1927848211364378,0.17584545240553107,1
-0.7618043391780295,0.9222529067416134,0.009973476079672963,1
0.8736552794834072,-0.7341087581576703,0.47374074615585815,1
1.468543873626991,0.9026780192336618,0.0026559452458358697,1
1.5194173220266822,0.881277091400563,0.07570891515434482,1
-1.0725806896906918,-0.36578596418758946,0.5866100376772901,1
0.9943875356787264,0.7467901208506175,0.03056272014558069,1
1.1683174217720185,-1.0958116873188395,0.481565919597574,1
0.4980212918521296,-1.0150368827916263,0.07236213683942304,1
0.17870061756069194,-0.17090656806876908,0.11617998667525188,1
1.1557974845837509,-1.4679033389580063,0.7739867703551613,1
1.0256138511364643,-0.9835028829347711,1.5209916554859593,1
1.9760053916303326,-0.03826119734129304,0.08247884939977566,1
-0.22474376832310702,-0.16870722196306778,0.9594658359544553,1
0.7356906576330523,-0.3128266967541409,0.5514247210460105,1
1.402846239284808,0.492063952126521,0.10666882386848388,1
0.9579448953058121,-0.8474227037341522,0.1337568102088728,1
-0.2696887309673184,-0.20740042929082608,0.4248016737564718,1
1.4193705871148474,0.10902426762285565,0.015362216738620194,1
-1.7163911136047458,0.9672167787508514,0.13879481893023374,1
0.9958479099051768,2.6609081811891775,0.014019521949096968,1
0.08705565175481678,0.19164740157317023,0.035882893276125406,1
0.40437081450850026,0.3115205538242713,0.05753870119497138,1
-0.9967011601377159,1.8391764093917866,0.09830034887453722,1
0.2237643934488482,1.1877505372067791,0.044036793185445115,1
0.6621468433958649,1.3932506896864698,0.01411039153869271,1
0.5423478257815186,0.6361462883048613,0.17660623589708688,1
1.0658793340376838,0.816834771108342,0.4390205012530931,1
1.0184796651520671,0.9997947700471245,0.07731817294349569,1
0.31837676100118734,1.7731742772444385,0.04144584589441022,1
2.6318288614634144,-0.8694018522828937,0.10177285457592325,1
-1.5553165605113652,1.579034897086507,0.043761660096689574,1
0.3300224197370534,1.5042683368246579,0.2486831280442173,1
-0.8806447286643745,2.177872418271738,0.05886113143777237,1
0.5237788114435635,-0.6599066037042044,0.27110856188882854,1
0.037999765963958015,-0.24585763997100943,0.15646544398493065,1
0.27035564241991294,0.04018672607963705,0.6286647618264232,1
-0.5797123462521776,0.8736694484888804,0.049424056761759885,1
-1.0075231532421458,1.154646091527257,0.003762844796155395,1
1.289086796294632,0.3676274872931451,0.014725980291766616,1
1.1215098745143601,-0.4090451729947073,0.05046051709884572,1
-0.21771438914595304,-0.7305620282482561,0.5850292918461604,1
0.8010727804153543,-0.9606280379082544,0.2006780319825592,1
1.794514922192475,1.4951556815435623,0.004313832947447737,1
1.202993440064417,-1.0326739256190496,0.1273388263982914,1
-1.8882806156704557,-0.2242460883646826,0.01666088466299895,1
0.2980649731031827,1.5263692420392978,0.0871415767188832,1
1.0571176849501454,-0.43031480856344256,0.5095181498156196,1
-0.2503824995186422,-0.6275063305480019,0.24493912783231275,1
0.43853316213462684,-0.5745902672766607,0.2076723163301565,1
0.40617493070536026,0.17129564427964594,0.12229090296141674,1
-0.7637535926658179,1.0968057198003163,0.15628837939959564,1
0.9116407355178893,0.8604870720234343,0.3189127587665071,1
0.9840503911975652,0.9922817170988678,0.3006590387677988,1
0.5698074252543492,-1.2416616186934537,0.09613596886748284,1
1.4748866408925125,-1.2717214577889822,0.012607892196263813,1
0.7667534586738565,0.3861737773051714,0.09240166264729144,1
1.300863561495438,-0.3839109758366641,0.00769582967016217,1
1.4285545733202594,1.0008290425996667,0.13260234045567723,1
3.0862027425287177,-0.3520473997016356,0.15618683100962907,1
0.6515657354423452,0.33883379532214275,0.2611750192296256,1
-0.5262543531108911,-1.191542881593495,0.16719906039301732,1
1.7413978548505054,0.9015754829454695,0.048301404791986594,1
0.5250284124126746,0.5801720711705144,0.25629680874528127,1
0.8082511750672955,1.013947118080554,0.09296958085838895,1
-0.2641374890185552,0.3264995364467147,0.005093180882814124,1
1.2263652476340847,0.7382141700625517,0.15503349836148916,1
0.8842764290233865,1.2715662205719278,0.1611482650669219,1
-0.582668450931889,0.2716318068859369,0.2690987735398499,1
-0.20906883481042501,-0.3845150737558878,0.08374745721688737,1
-0.8774586723024949,1.2785417006331794,0.034077722322026875,1
-1.2101223761184117,-0.09637879953979174,0.3221045573298827,1
2.3929129470955655,0.4195310808445031,0.06567254035060917,1
1.382103039301456,1.1015047562140845,0.022084886936448184,1
0.982925746121301,0.24529272006261624,0.3755339622592923,1
-0.4304015419938873,-1.296138676767929,0.5373606037656818,1
1.7387932861176414,-0.5037260017757335,0.013781768323590295,1
0.6380130242058368,1.4415434045042705,0.09544278279583221,1
-0.2530674775094244,0.5173514910853741,0.03718478778192436,1
1.0798467421465408,-0.16803162191640392,0.43838119907655926,1
-0.10105417183858843,0.09028260007762784,1.0548226439440038,1
0.9084383990035013,0.8864742587110471,0.0037372870860548006,1
0.6742823005343731,-1.4354925157527896,1.0131573559624494,1
1.5792945767188287,-0.7765210943599682,0.25400165818037035,1
1.3558339482532638,0.700754385931267,0.16180882018161077,1
-0.004982272344388506,-0.9674456200483698,0.6521174673907864,1
0.10342893569576384,2.1794680213627124,0.01804072786804483,1
2.087583331657231,-0.9282595919535026,0.09896826795939996,1
1.8641012638909784,0.25614673116639863,0.02507197505997508,1
0.1312788739707653,-0.13138733967219532,0.09999365890640295,1
0.5672874558225028,-0.7306592834892749,0.0949604770474789,1
1.3000600039661774,-0.34586756492945775,0.008489982983735782,1
0.41855041708978363,-0.5173064087555581,0.09352511636921122,1
-0.11291405938917287,0.13371403377523722,0.28385030342979184,1
0.07877451875407991,1.6934882321908007,0.09209011851489202,1
0.6789888819009846,0.8934656235527105,0.12402916663405594,1
2.798221960647866,-0.24989428546004797,0.16931546627744817,1
-1.503734345452705,0.6709480822704241,0.006384084852444193,1
0.21244570916311173,0.2153595702982275,0.09142833585026894,1
0.5390716806179461,-1.8285846629476414,0.5563997878075051,1
0.7983944524296979,0.501436319275509,0.062495304585575735,1
-0.3111933837321806,0.009425729376670603,0.15042271087014,1
0.5547934752787436,1.8489879283777242,0.09981308881190105,1
0.5862009131361609,-0.04863849504311012,0.15257250599763905,1
-0.44741147188878155,-0.6888898001076027,0.38025383615462144,1
1.5755884231611197,-1.2539270954587467,0.8811055875716383,1
-0.18525956860609047,0.37821329114287844,0.04895889220690005,1
2.634486830295974,1.2494740987053545,0.0055030219584690345,1
0.4360848982601579,-1.3995674735004537,3.3188182336881953,0
-0.8647272398309972,0.6506583739461544,0.0837226308735891,1
1.5044466514089112,-0.7916171829091543,0.2309737763561993,1
0.45126627813281717,-0.09861309318758668,0.14383756790375105,1
-1.1395609399676672,0.8919694658751529,0.5928418168499646,1
0.7418862067381794,-0.5198689841294687,0.7697089116649776,1
2.0939575586617836,-0.8217652532446433,0.015691413032184055,1
-1.2357841905366649,-1.7308885927025726,0.2418756279263442,1
0.31640030851863404,1.4966452425226529,0.07248896343912574,1
-0.45999780462870515,0.3283308025836608,0.0199023734941689,1
-0.1656933499255105,-0.03773298472133758,0.2353890296072996,1
-0.2230590663626514,1.6394874783529723,0.1509625528387399,1
1.3247411226622774,0.5970658885116333,0.07122917497601046,1
0.3053940265427124,0.014354327067155594,0.016119518575843064,1
0.024109298045031872,-1.7879026646200442,0.3159036977643465,1
-0.23534840899689877,-0.6192236677360142,0.4114445104588177,1
0.3621768453717454,0.2883789992753666,0.12102690411858505,1
-0.02765527413682025,2.067451390645403,0.05355187431885241,1
0.8539252690719448,-1.4643341370580993,0.020140410502755026,1
-0.03197742743150017,1.275458692650377,0.078666520896457,1
1.0141599041952012,0.537443168751559,0.38715374551582876,1
-0.032553392523814825,1.6373050016963189,0.05249229995413559,1
0.0973116196651844,-0.12998700301129784,0.34823493064927824,1
-0.690037245362475,1.441601257080297,0.019620595051234327,1
1.4274485629791065,0.3627056056034116,0.012304979082342292,1
-0.4480782316263913,0.7541284447705727,0.6324298170078332,1
1.8341666731325812,-0.6949612312795076,1.2920431814564937,1
3.6969781767794903,-0.7859295374162145,0.1417355292258091,1
0.19054437421747167,-0.9044449838978613,1.0991612858452782,1
-0.306000091069388,0.8332380164369765,0.011774368927866588,1
0.6711904354074425,0.9832638099673509,0.04205613453304794,1
-0.9700737871489792,0.16645717163257975,8.851772795730078e-4,1
-1.3176745631501816,0.6200452307184926,0.5547024593618846,1
0.7862539195975482,1.086405796350247,0.02082039048537249,1
-0.5784244027636605,1.6977073445519635,1.2275870463336275e-4,1
0.5448327246610946,0.7637429054225503,0.13973978665985884,1
0.2525355989297237,1.3361007983371804,0.09438953333980402,1
-1.6753531835358277,-0.7311601088613346,0.5242653991157217,1
1.491002710696538,-0.856880008674739,0.07204722599257589,1
0.2679576682083503,-0.2142616810226073,1.1872120350316628,1
-0.5371580997083656,-1.064290173385573,0.9469114587768017,1
2.858041623175185,0.9480891172384728,0.06461732962926056,1
0.4166025235910047,-0.7373222797546214,0.1760644240793335,1
1.75164229595469,-0.4545924815416184,2.543600196614039e-4,1
0.8929258995631751,0.0559734809310348,0.1135377056687517,1
0.7018905874912303,-1.526754870152459,0.45600845904957177,1
0.07319577662781285,-0.39602050217198165,2.1438040683226838,0
0.016322064399397134,0.49799677267789677,0.10828300675780729,1
0.8050118865984122,-0.9658584044606281,0.4233074523136928,1
1.7478146022277097,0.038324269207657774,0.1294761486776286,1
-0.34504672013447546,-0.10178220966125295,0.006131726954376048,1
-0.5627914506022854,0.5121421655686118,0.14544812783880995,1
0.07458994996710183,0.5233628507996139,0.47791607415938264,1
0.9359942971760755,0.7187363660494824,0.037575858671694204,1
3.81258033587609,-0.14225101055793737,0.1653161976375856,1
1.2525698339583087,1.3763036089101857,0.010847543656893435,1
1.5384280301560858,-0.4905359993175299,0.9206675952862917,1
0.9212167019388297,2.0586272662591347,0.027277762435426234,1
-2.0420779325829583,1.372709971539785,0.11610514189005083,1
0.6527020013339867,-0.08210145199945887,0.014780425842294937,1
0.5928280545860797,-0.14360042647648055,0.11698050813821582,1
0.3774504733807021,-0.03982092231168389,0.3142109738904572,1
1.1211846789807258,1.2321664610464216,0.012812441187392236,1
-0.6558666076765727,-0.3727519276125545,0.21285679872091123,1
1.4583845591580187,-0.08883597419698125,0.11695150933032612,1
1.3957191193098561,1.5825656174000964,0.05972115369441798,1
0.786947623748416,0.5417865396260463,0.19440334447953297,1
1.7808150971569696,-0.4846486272260452,0.4069895134584863,1
0.4729720703316511,-1.0005317837500551,0.4333606119147965,1
0.01571200603245135,-0.24644141566513111,0.04433562811453864,1
0.9171428860073729,-0.35718380310218784,0.5925490785636642,1
0.31867639325631736,1.1000815663710697,0.05137094235201375,1
1.978000842369972,1.7483692836869122,0.09665734464692934,1
1.8506803646362584,1.4012447954608906,0.11152429488824152,1
0.2007719753933364,1.8399646561786926,0.2302241144290597,1
0.0628809684904889,-1.3652458602663318,0.7883629658709594,1
1.361574415001752,0.05866435335889897,0.16010162674516507,1
-0.6977234521854014,0.48113311610881393,0.2531792829330243,1
1.239968686350031,2.183352222977702,0.023142228982599353,1
0.7343914020805423,-0.9110064764231219,0.07034556855598614,1
-0.7285685118281771,-0.2664080652160578,0.3481261205254105,1
-0.021700310242169323,0.1433649172563668,0.12894385673752864,1
0.04176226557389816,-0.16807183095180953,0.3950340159336905,1
1.1738768428324933,0.4070191795641879,0.15745643235119705,1
-0.010288212901305556,-0.014958441459934952,0.6938878854213946,1
0.6672987318929189,-0.9413564287106727,0.633945747810319,1
1.0236676089818042,0.14084825680288093,0.0999999306717016,1
1.8528147467751774,-0.5048476693156047,0.12118096364363455,1
0.3832057852343779,-0.23868815248640668,1.1633128241922621,1
-0.556624165079817,0.6250183118671427,0.01386031173374635,1
0.3714094460788072,-2.167915741832855,1.0614066704853578,1
-0.4483752934235933,-0.9182265921274086,1.1516559281200285,1
0.6842176991677605,0.9424937646566374,0.04054710450597672,1
1.0285854750943035,-0.18841274757195423,0.09757236273750544,1
-0.2655791826092512,0.717112080310897,0.02662153307977456,1
-0.27790724995531574,0.9749767804149213,0.022442438589952058,1
-0.1373627643534983,-0.3225244480570846,0.1780252404671957,1
0.546572734286123,0.7933243986510851,0.038383568655199464,1
-0.4432356085697512,-1.235075398202673,1.559404807513255,1
1.1720416381327856,2.0706898477516313,0.018922228719747424,1
-0.39391697966755884,0.11050467446395223,0.07470713940793912,1
-0.3489797713487094,-1.3112016531992117,0.47427659938765243,1
1.0176876983504222,-1.3685430911404144,0.26896120186188993,1
0.27811738190532526,2.22951318323085,0.13195274600566226,1
1.0146213398676083,0.7401264689447805,0.08035901971746742,1
1.4778065584277422,-2.101239344646288,1.3030308133386257,1
1.6888004597619,-0.6179801781421077,0.4517498929456576,1
0.9738208670178676,-0.07730772249964922,0.6862429288066295,1
1.7182016850403212,-0.639725634522733,0.23550996218306564,1
0.48155399505366153,0.3536119107710566,0.05660709095595869,1
0.5519541479546208,0.3495183877003905,0.10575672226878151,1
1.2985010822099659,-0.8122765243373824,1.9786869054500993,1
0.27633039360778155,0.2123480322638491,0.2186948921019917,1
0.4152985930938121,-0.6758819788071085,0.5590330122176658,1
-0.5687759657173604,-0.9680778026491216,0.044828449428199406,1
1.5260608445709156,-2.3088462364788933,0.23547366840318862,1
1.2270283901013854,2.2701441514663014,0.008988124867887498,1
3.0129057466027502,-0.11332571832894033,0.011985348009742214,1
0.5792945668117607,0.6566983906948127,0.007374439128741358,1
-0.48002045988150643,-0.2272672636245641,0.040278071118103234,1
0.33638535705964007,-0.16200148914566817,0.04137100641179949,1
-0.3041781023935067,-0.6809722155064264,0.8840746526704584,1
2.5263747216331605,0.769849188488202,0.19336571378929404,1
1.1449733399350375,0.0023779396349158798,0.32414458245944794,1
1.6900789069896223,0.1726363471023326,0.07544718285117692,1
-0.2135800173155724,0.8868459543006276,0.009260306891243629,1
0.17099783181128392,2.8655233086852685,0.014303648066377307,1
-0.19221337656586715,-1.1541532704091768,1.6339573141570156,1
0.9337677624227088,-0.2841224736175172,0.02551977471839462,1
1.20174982318821,-1.048964365999238,0.764616733603424,1
3.386141210982267,0.5121412960311124,0.033204565800200675,1
2.092609109065343,2.168173374344676,3.7954528306457646e-4,1
0.7059091905350047,0.09956039271557188,0.11166471213283238,1
0.08257506620258591,2.358256917709753,0.02096103741010195,1
1.0905577705406675,0.03844723508219162,0.12504887598193126,1
0.8017975772808148,-2.328343197388814,0.8866430043708425,1
0.08690347201040431,0.06548043734541759,0.5254022506589456,1
-1.947618311411988,-0.6766754693018621,0.32695787601428783,1
1.657214499047917,0.16993839118335125,0.08057709233096397,1
-0.005284682799686374,1.395136413905892,0.4418984752301196,1
1.4833940132680594,-1.6576753998604636,2.1827817285494557,0
1.3669125411377827,-0.17848576027884247,0.018450537830784826,1
1.0732020479258837,0.6914725869489563,0.04947766801289219,1
-0.7604200969922107,0.5084223233347411,0.8939735673515934,1
-0.7033975545890432,2.096067655992853,0.1156280623261495,1
2.3872483454408204,0.4801170481626555,0.06259390352168384,1
-1.3756905121074725,1.632273867595162,0.2275219845542773,1
0.28609257753968786,-1.312277936519376,2.361445328091315,0
0.3919481874585549,1.2725724457926832,0.22260737422999252,1
0.6913563240911501,-1.4731142512777315,2.0113320067530918,0
-0.5877224219990916,-0.013096086362363594,0.0670455911548858,1
-0.7346078063778589,1.7340349658427268,0.014228034581476713,1
-0.4010396902200421,0.7809557648700857,0.025513528441963355,1
0.6193026768753773,1.3362293296126402,0.03495400930976406,1
1.3368237533364493,0.14096490938706344,0.09412351873783953,1
1.0569003021381331,0.882960532655883,0.06575617038266336,1
-0.39144753859207937,0.7602156010177146,0.1281716272164769,1
0.11402934169429566,-0.5117221777668858,0.18731330282547776,1
1.3632629288094047,-2.072615517420228,0.2569994268564064,1
1.2135127939438004,-0.33179459758798996,0.014472946317145234,1
2.266331183605615,-0.49012861202233815,0.22597157054691763,1
0.3770727271103273,-1.4406506632605505,0.26825711079286246,1
1.7082706562482195,0.5175803143254327,0.06360051734173228,1
0.01045928712060994,0.7513984723944584,0.008030583529812632,1
-0.28112063730849807,2.5410096322594824,0.004766990614540853,1
2.0708756232519328,-1.3968376671409164,0.3806822330730364,1
0.6365843232811979,0.4164067568715905,0.04258039296941702,1
-1.807893833952321,0.10004360599331143,0.15879465560100534,1
-0.5307287076542835,0.1913454117202919,0.29457217342982045,1
0.0238334527356863,2.0114842673809843,0.15667004474448754,1
1.4525154414528143,1.0867443474135576,0.005529460558435387,1
0.6224854714365252,-0.2021148257502497,0.16083754586528948,1
0.8187914352912183,-0.5916235272844351,0.5908819164874262,1
1.0651949809368395,0.24010135961472542,0.28672276423020854,1
-1.6265756813238337,1.3264056872926713,0.07212294464860787,1
-1.416854205063203,-0.5721016247712382,1.2054299391692609,1
-0.12719108535995283,0.30739507870585653,0.09238530455379279,1
0.6584310417749185,0.6903982383284469,0.044612094465480326,1
-0.5229103482655643,0.6184548067652926,0.01659548532908698,1
-1.0144880488817687,-0.1855049756658949,0.8065003046016069,1
0.4543181329199974,-0.3130335705460118,0.03486414986756783,1
0.5017619239539812,-1.0402925851772773,0.20177234169280198,1
0.38829270451014597,0.6687277934014465,0.07438176681837633,1
-1.1876928660441672,-0.15287695596732767,0.5870291426245893,1
-0.15437956156642937,-0.44378020064805856,0.02711290753547942,1
0.9984383987401771,-0.5529751490788307,0.5497162731903483,1
-0.26791154693363484,0.3499724017937315,0.18938306757464007,1
2.490167957629424,-0.5741023710619259,0.07563361583747923,1
1.0111580625919896,-0.014037094389383612,0.031868239210767826,1
-0.5732322816682157,1.632467908983965,0.04600181478083713,1
0.13410609390631295,-0.15422646314587882,0.4463396974468387,1
2.5056552762402386,-0.3941195903215614,0.22865771271570076,1
-0.10176100622481636,0.27156159446925165,0.02473497002651753,1
1.442407861286085,0.7090096860384557,3.9200852100079714e-4,1
1.5677361103329612,0.6453437213455931,0.158634497078972,1
0.9547864364665866,0.42513677512703346,0.007819253327860617,1
2.3163700202751727,1.3009303744920961,0.004933207108146707,1
1.3358515281602414,-0.7648080248421223,0.09289789285569,1
0.41859351043284826,0.4354751104302343,0.09148623190674632,1
-0.598385452280834,-1.2167894692352106,0.6044057235696664,1
-0.17880179873286814,0.5252691211407111,0.384917345605724,1
1.995283401630711,-0.9164409790895778,0.4665824535272258,1
0.5587852923754518,0.6274555934681103,0.12472466732218035,1
0.6334358909828314,-0.056837800920711674,0.10297915368215425,1
-0.36483922283578213,0.25179237075235894,0.08787688453676518,1
-1.621053917060514,0.24135769650615593,0.0016866106445642677,1
1.2501543715905663,-0.5951539520374012,0.2607310859946666,1
-0.7436944222434405,-0.09302822808179494,0.3290342097384273,1
1.0677380131392769,-0.7831086244849799,0.28490168714720115,1
-0.41032884303351036,-1.2473474521561654,0.06438823189072253,1
0.04209337595443781,1.5561703867931818,0.09815067692403098,1
0.9436410981053633,-0.45363391758977784,0.11956272186050114,1
0.5942289554490048,-0.272115221486531,0.13990617792517038,1
0.2452025378411106,-0.8143481102337375,1.9972983143728766,1
1.0452357414661946,0.4494538792831935,0.7920680128153148,1
0.2513793445293826,-1.0547827085365862,0.8931454724719584,1
-0.0021874846881858737,-1.1565585980240554,0.031013080360136468,1
-0.042853737205738714,-1.7459523976047053,0.10941980927497912,1
0.6577279665588134,0.1741305490834347,0.2803691987114246,1
0.3527995813193267,-1.1372462825047742,0.2485260918307104,1
0.09785261505624247,0.839460428719126,0.3297761433744624,1
1.0308575768575579,0.19691089593587877,0.4139098835736779,1
0.9992695648030001,0.19481397330135156,0.14095765240399674,1
-1.1875385590202068,-1.0767049194706895,0.5281063014252388,1
0.15898626418059209,1.2291758447351422,0.030547456150948067,1
1.2155137761956536,1.8416969603663966,9.140070633465411e-4,1
-0.3140446664155837,0.4154116768324046,0.056016081364348234,1
1.7540167101951514,-0.5036995110431463,0.18781658642214302,1
-0.7467393750204765,0.06887605756177935,0.3673126426310461,1
1.1850998001925088,2.692752970677981,0.015458903398628699,1
1.7414857891764874,-0.27895488878581454,0.1905228718518136,1
2.4727376285960165,0.08127464433202329,0.01991910597913551,1
1.0073966973788187,-0.4730409333668175,0.005343926849137935,1
0.4082578658655492,0.24295024030259282,0.02144925705639761,1
0.3338601998012287,-0.6399620814615206,0.08683262276153093,1
-0.44144999291444875,0.6860305956478522,0.2520794603907933,1
0.6211312019873583,-0.33898478019503514,0.11881048900278862,1
2.569588067169889,-0.7784802861785576,0.46656536674594734,1
-1.9390963997024258,0.7308295826342008,0.11260142321591471,1
0.5725783389004615,0.4371455108395567,0.08800262343846627,1
1.520650545597389,-0.7689359440192811,0.01678979616435847,1
0.5282482743810955,0.6334107424945659,0.04208393779962412,1
-1.0619932974260455,-0.7820637337513933,0.3907150569853116,1
0.28866056995624706,1.278806102029752,0.11692778471252535,1
-0.727309718074912,-0.13708886087889666,0.5477364739457741,1
-0.40169612245136804,1.1307556784925554,0.10021451858389903,1
0.7968650527071396,1.2388394174597426,0.19591856877026145,1
-0.38151478889150503,0.06011833368826062,0.643054632426129,1
-0.10323571049954096,0.09744297532239753,0.03163377176224261,1
-0.03173974383772623,0.1909032182042157,0.2033737183085728,1
0.006091587308063471,-0.006623729631746412,0.2674854374994962,1
1.2056918833931567,0.5134630136798468,0.2238148544680417,1
-0.0032969228717747525,0.2745220753148107,0.04002737126903594,1
-0.13650770978760693,0.3582945944730012,0.15916610632745937,1
0.8356524208732988,-0.09648794085847823,0.39181004308503875,1
-1.6088270576408077,0.7231787747862777,0.2550971368119759,1
0.5547672478773746,-0.9563260260198858,0.0020440007257125446,1
0.4659718254634378,-1.1056627133936896,1.8316659311667376,1
0.877535292811577,-1.1646292396734088,0.5990400246498687,1
1.4126443909849262,1.5315168514088375,0.0014460849577276975,1
0.3954572806285512,2.181361183656173,0.07155603924397777,1
1.5898500936062228,-1.5565305306615,0.7989684210452346,1
1.0577580889844835,1.151708524568518,0.05605390271875305,1
-2.7101417769673497,-0.02188314676467777,0.5847692118188458,1
0.900386190368561,-0.6251846020933383,1.787658211576014,1
-0.12273919411893482,1.1301529099263912,0.24182106347578977,1
-0.3012086815041779,0.9770123234797461,0.03304101406353759,1
1.6088168659067317,2.7924557761466033,0.004788505207009931,1
0.597786561099519,0.794183442296379,0.2289033215513001,1
0.862701289135037,-0.0964321459199191,0.11264948782296527,1
-0.1248664149853417,0.5405537111150528,0.4817223912386627,1
-0.6828386187850536,0.7331438770557831,0.1449876615159369,1
0.39520281245184063,1.5079572605986291,0.02963417870893927,1
-0.2801739191441843,2.2398918456963837,0.021975488163710935,1
1.4893771575370618,1.2312567438640147,0.05410702264863181,1
0.2808525130724174,0.7737556969323984,0.3822095498485467,1
0.9001122892640666,1.5876790381290775,0.060113357285922125,1
0.6786143141371016,1.5855632339571102,0.04367491091422937,1
0.008296276225405984,1.27472979523379,0.0056907098050635796,1
0.7128942762484574,0.15332458235187083,0.06975204611123637,1
-0.39224459337909373,-0.9618084101781534,0.6088144021698537,1
1.0510446657256467,0.7380550416913648,0.021781716928312867,1
0.1418802846786485,0.26745665387977396,0.17859019982092664,1
-1.3788197207679402,-0.5423534188402734,0.6565776666526582,1
0.6381447241417064,-0.6252652490838589,0.15112102978068337,1
-2.1878923219493713,1.1756885773145824,0.011558174390224286,1
-0.4064927478286482,-0.19803697751190832,0.10509886735530263,1
0.3390887083719622,0.5382154198694497,0.08791760689308743,1
-1.2845982445750679,0.545273918038144,0.0358837781739492,1
0.7803346238299286,0.08747898718733652,0.04402503338297295,1
-1.640890417784862,0.6768001855034157,0.13244896810327797,1
0.2102936333249375,0.9199276790257832,5.733522229386018e-4,1
-0.19275477671798888,1.3150694862956185,0.23180237655713523,1
1.203854909783285,-0.4942690980389939,0.053479236758617446,1
-0.23222214212849904,-0.28208295215788265,0.15870520212101377,1
2.632494232236383,-0.51834194813874,0.04720265032174569,1
1.2029739548334781,1.2473083735363413,0.08298661531555196,1
-0.8627064914140681,0.6397934393952981,0.10481481487021223,1
-0.40552290248363865,0.23715545443686042,0.10719642127440698,1
0.16912886131972146,0.6488711566362538,0.04158064126054553,1
-1.7313773508609942,0.5574701628531747,0.07098274411936148,1
-0.822658546707105,1.430062183058618,0.10971036663015642,1
0.5108159517542883,0.3202272199805837,0.0489804998907814,1
-1.3338015785087016,0.1631365274368359,1.1873471460441236,1
1.452310667476886,1.547483618200294,0.014823357743920946,1
2.5933573400737,-0.5120143570546482,0.008391926256841402,1
0.6059459835041628,-0.585115836524721,0.167091236408671,1
0.13742576900835812,-0.37184305424061903,1.0427343010373777,1
1.7845726261738386,1.165912364429663,0.0592752648836519,1
-1.6588798898763482,1.7293072397816494,0.3695233376604007,1
2.7000755307418745,0.8251247470678635,0.059662208838412376,1
2.5907132473259673,-2.7367144282426428,0.6140768764208765,1
0.9010469538695055,-0.3755873621178323,0.40603109460057535,1
0.5142374483105852,0.6906301582620095,0.10562064694783262,1
0.43073445654470693,0.18436110586821408,0.12469167702954964,1
-2.004852616796284,-0.36864328784186984,0.07745926787634858,1
-0.47816588376853764,-0.02020547935463798,0.8408202186898381,1
-0.3636760174708623,-0.9930593772376292,0.9838909358495976,1
-0.5100642741070652,-2.051453910654155,0.1141071219776524,1
-0.6062963224755921,-0.522327953932016,0.6652605186959388,1
0.429412341302265,-0.9308674305346665,0.9044613276574938,1
0.28232887339501805,-0.6377319346924772,0.8296059926289948,1
1.3897031903615062,-0.09933068689310921,0.03411404403260614,1
1.1279536140145852,0.0806830474071106,0.012042987686699348,1
0.8523124520361931,-0.6131461789448243,0.566886557245882,1
-0.10137682610118959,-0.3098331508136925,0.7360194372269712,1
-0.24886113990855946,-0.1798189996684583,0.2823701529875347,1
-0.15875216128207248,-1.1555900758293571,0.0017549959239403744,1
1.01123574193472,0.33271117599270594,0.33231028552538183,1
0.28501657961841037,-0.7932503357995968,0.24550194251095622,1
0.9146230159296675,-0.21523497017401727,0.0010959775941725722,1
1.0613346188219017,-1.2637168429287429,0.9333775963054011,1
-0.07254711217134219,0.16757513573347216,0.724704883308259,1
0.6194329565172423,0.5697560987946368,0.5904603667248397,1
-0.43776258229026693,1.8017639323110382,0.08981751121394582,1
-0.9827689910061745,1.2585032330729542,0.004780842321658197,1
1.1676814202472803,0.5775831973919016,0.21635900807644673,1
2.0677153499148453,0.03873923726063726,0.006225202511550242,1
-0.40471725150422927,0.5306565065463102,0.12330744035375853,1
0.2367480719937808,0.8644420590934964,0.30737888252971657,1
0.17348024912400475,0.37276028366268527,0.6826871222053364,1
-0.438246635649281,-0.27567682214166317,0.3835896204706611,1
-0.8417682338502884,1.3308305753518412,0.2549052110298664,1
1.0079675921101647,0.6958106861040134,0.046658665229403665,1
2.8199345673261957,-0.5289753244373782,0.09753984119555668,1
0.31410307647219854,-0.20768083503801663,0.05608098463329043,1
0.10991017239399913,0.5911024230028302,0.1863141286362934,1
-0.40063754703174176,0.32918087495975695,0.0683329790212972,1
0.48222678892702664,1.3765312400202103,0.015358238407983373,1
0.8204434138285073,-0.1384841704355164,0.19656866218562116,1
1.158899884808347,1.028630792919208,0.12897022318566984,1
-0.15892763352211292,-0.16478624571706632,0.004291551647975588,1
1.166237949392019,2.3230126845580745,0.005054700782282922,1
-0.4010098879435152,1.1308834706971593,0.0040751110299972635,1
1.0620243306982762,0.4084601062075201,0.057041438245018734,1
0.6234780218623689,-0.4945322913592013,0.5707526778322488,1
1.2989815154890116,0.007746199220391161,0.411174216968964,1
0.020518363118027256,1.6534462990647851,0.06722745674972117,1
0.6124076730158906,0.35514021186990025,0.04572089925075394,1
1.238402284648583,0.6282253867564274,0.12058543159304781,1
-1.166717092625162,0.5142239637950811,0.10021467019472226,1
1.1222733829331772,1.6253898166079697,0.01872448627492338,1
1.4955310185285968,0.6443430865146762,0.019471320264533926,1
-0.8604700607340907,2.0317034942815666,0.013014749507081981,1
2.0570558183407215,0.9150226828311219,0.021709120969947572,1
1.5221400279006443,-0.010134358852890596,0.11902663723742551,1
0.09574760407323503,1.6379211634149953,0.05209589112311738,1
0.7937556168824941,0.06627238737294518,0.10509381568990799,1
1.2710512280170585,-1.3240731546239162,0.05094558873549369,1
0.1290300829613916,2.059306955629827,0.004335834461048487,1
-0.1255736998248776,-0.08479030297265236,0.06067569181610389,1
-0.5940816836611561,0.6014953611977832,0.26800805126349825,1
-1.1241344993274114,-0.4226527779628557,0.10778926149856044,1
0.12020922050275562,-0.5657713818588005,0.2441452252487169,1
1.1742013427052744,-0.15915964785772846,0.6616675303364374,1
-0.7854229193167861,-0.06838267281180932,0.638041797093047,1
0.8270703210902698,-0.48223667131520237,0.16810675989204227,1
1.2399823596539212,0.16395011977589913,0.20699275478908147,1
-0.5991677157837181,0.9726657027560408,0.05653893024380335,1
1.4941150438918414,-0.11886935183976727,0.07269936157679333,1
-0.14846745732024236,-0.10381235850537772,0.1310705710299007,1
-0.005325330400913181,-0.09359333249097818,0.948975689292097,1
0.9272743647078338,-1.1066500315761256,0.9488485793312561,1
0.11005398305958305,-0.025308724360163237,0.4785583271154879,1
0.08813054547292112,2.028816013016688,0.1614144808956589,1
0.2325251525753908,0.289436390448222,0.006111459927858104,1
-0.568564475149115,-0.09531166697808605,0.1039018675970168,1
0.6293383077002046,1.7616362653268296,0.044628445860851775,1
0.6599082249371919,-0.5083127942650523,0.27018598044636216,1
0.8304428240126859,0.29937775470073397,0.29940445546955474,1
1.087491398663519,0.28467746778649916,0.06721769963611192,1
0.7314233122774022,0.17052056359746207,0.42247413386265903,1
1.3218567996835393,0.45165598117882144,0.12319880524031242,1
0.5172334221406975,0.7937506822568249,0.07185084235849878,1
1.2967932202876542,-0.28652925695134696,0.625232054425851,1
0.022634070770617232,1.250308712293923,0.017082557214944994,1
1.423045075039358,1.1619363835718477,0.10770707054170475,1
1.3037524761476178,0.07177453375787674,0.3525908895416326,1
0.8635486431468656,-0.4026921254465466,0.0954810618893655,1
0.604676864560473,0.7979323144002105,0.14603061789577956,1
-0.946021997968696,2.439307668152841,0.012657109353442084,1
-1.8549510222281134,-1.2662259458572795,0.49043954038979903,1
0.792349537294271,1.3682191259709942,0.029295022139829516,1
0.266407053232127,-0.18998884185783352,0.5617684659920308,1
-2.2402553923381867,0.2587526879953356,0.14787670985405316,1
0.9081547329550826,0.7927512060429082,0.032658319913992456,1
1.9538978798769915,-1.2103118292487272,0.12660721525576815,1
1.5661560689163143,0.864252368148083,0.046130057622270494,1
0.8869659877237913,0.5428175800363642,0.019476237663288765,1
1.780109752683649,0.3153552401557961,0.0468268493921903,1
1.0554846404625242,1.6262106843608524,0.03957477222569225,1
0.4589622066947819,1.149863488955279,0.04401658174418842,1
0.24056483146678528,1.4036478089374533,0.021933184768781075,1
-0.013138603899877758,2.2227204283050943,0.08307429490151141,1
0.32047239484979967,1.5302590306013755,0.007686144535121704,1
0.5128461769509459,2.330459211260822,0.04771240000455848,1
0.4729376196842819,-0.33427948162343546,0.1916172215869769,1
-0.1371000519302745,1.7422840345529154,0.050770604431266554,1
-0.13658584066848187,1.2890888410666927,0.2344038940393977,1
1.20200789578675,-1.045091363232892,0.04250030515655623,1
0.06954478140740228,-1.2711426719640224,0.7207347432758108,1
-0.20896875675708615,0.788925803573558,0.25864629951730356,1
0.9717620740080778,0.2874260169433158,0.3200244302051606,1
0.2779079108687689,0.014867279440754335,0.8108192605269073,1
0.2995887188852435,1.08406585633144,0.21543768833778673,1
-0.2785501414846096,0.645076475168844,0.42272046782459716,1
1.4341474226297781,-0.04312303406906795,0.08186608810309363,1
-0.3443426913886463,-0.01258946711636977,0.3821764997249676,1
-0.7081808410432847,-0.2598289094840737,0.1948876386774131,1
1.2289127557475767,-1.0649908017307872,0.0815870561026954,1
0.5480301199884802,0.1910551088562632,0.25116616234357425,1
0.8741396630676865,-0.0722595256631351,0.07335513254743325,1
1.0493692452343462,2.458226880868988,0.010634622659885021,1
0.5685704302803201,3.023094552954459,0.01758784723963672,1
-0.3596552243470109,-0.678566528837548,0.3991573552827675,1
1.4729367905268758,-0.4273023952282734,0.17657435937798183,1
-1.5205264228394149,2.7767571995794844,0.010878117411919578,1
1.2683140464641216,-1.1475007356819955,1.5414216993881176,1
0.948044326804636,1.813953480851194,0.004592722717430569,1
1.5010205792176639,-2.400679237817964,1.4993573230845059,1
1.8590088623823908,0.7097137356760463,0.14488069696139197,1
0.45690568063751696,0.44435625804563794,0.14096761221174947,1
1.408640042374376,0.08310509068999704,0.3063379663594702,1
0.6066045759106434,-0.054137321403619966,0.3606657859864276,1
1.9444365823677112,-1.52447420315793,0.5536174162789206,1
0.8640450781759893,-0.007944832586645889,0.003350351815839839,1
0.9869923347147213,-0.19646513880584038,0.2673108685044613,1
0.07484512761240306,0.1295253442347488,0.45951584281883495,1
0.8016271165307592,-0.3615947614204299,0.16837334925700911,1
1.7018960301687442,-0.22980191609890957,0.05514720409113393,1
-0.33103978161260794,-0.11440533720095539,0.8200982179014912,1
1.0229063525881226,1.2436061834700654,0.03176907906299,1
0.13222722896429348,-1.2598713163746122,0.3106375798189848,1
1.1519494835452995,0.7747514489050177,0.028340455254364034,1
1.2844866508721318,0.4611288837269153,1.5286751240773262e-4,1
1.3181780954559916,-0.2301391928631393,0.08038058017079516,1
0.3242898604871085,0.5711014277524359,0.4806014046070889,1
0.5328969923283261,-1.1554141890184513,1.0072023769760603,1
-0.8924923511739581,0.14007098851917715,0.5432854994232914,1
-0.09471367856594153,0.6179862566736798,0.4337494397430961,1
0.8167418980184553,0.6389430876900141,0.11718274210336631,1
0.2907920547156581,1.2145457810400488,0.08458716171119345,1
-1.3211586234301815,0.5168600924701713,0.027584023029759132,1
0.8867692919071928,0.026880680332974936,0.43185699550533246,1
1.7407218346713538,-0.9548756957477528,0.03774682936291753,1
1.5467472737883166,0.942592212056134,0.024562330472322536,1
1.7758308407620298,0.8479059758139944,0.012671267982068572,1
2.289984073124759,1.6257957858191825,0.011229827302718353,1
2.1584386417690324,0.1965643385910473,0.09253315255563568,1
0.5708902918322912,0.37274248306443186,0.24598661499515637,1
1.4883233303891403,-0.289418715482749,0.12426065880608471,1
2.3538162853897857,0.8329829440384743,0.048565780156475474,1
0.7433182107052635,0.9772539086565756,0.2097924818390839,1
-0.6909595947687445,0.5707741434892434,0.16428909134313763,1
-1.5762760992147855,-0.8744360724521519,1.6621606672183444,1
1.4962981187342128,-1.109683797738205,0.12862782607442058,1
0.16073714150179982,-0.22177388707266613,0.019003791080095436,1
-0.6381964330455546,1.360657457657429,0.2982482352070924,1
1.197786768626934,-0.39260599729151646,1.4172465316392855,1
-0.4159460861945526,-0.9375346267834673,0.9376371604599633,1
-1.1934450719980034,2.455696846201379,0.014450632923484292,1
0.7689422202902472,-0.30900771657348275,0.0893302647361395,1
-1.3286553720068728,0.24933328496343285,0.042347597184328276,1
1.2931439067816248,-0.24150599396780775,0.1811219042227367,1
1.5307327166942242,1.263871437505019,0.034289910270724484,1
0.21027352429750867,0.046721532970608576,0.059454527071027614,1
1.5586541099031748,-0.2776879563728191,0.07895337247978643,1
0.7360668852723006,-0.4059739473876445,0.3893453743022671,1
0.8548904104099966,0.3435728301547181,0.1090956623593059,1
1.7962345989427644,0.04686509017840441,0.3613137914157737,1
-0.36870638581021403,0.31240056168511265,0.01654477809287906,1
-1.08081702266027,1.3904060629197232,0.13733563291205148,1
-0.6023166669148,-1.00713930836803,0.1687465985293887,1
-0.30259151178666577,-0.3972045582455843,0.23027393177957584,1
0.31315678959012827,1.2431179083984512,0.01584141675070472,1
-0.2581330511415518,0.5649314479928299,0.14273800379361215,1
2.9899673961652273,0.6644695454484123,0.057420438010246655,1
9.17215860582307e-4,-0.6908084509309353,0.15374357455796234,1
0.43083205102060634,1.4724264979813828,0.12912798197760064,1
1.3190006056642465,1.3988582137548655,0.0666823759888131,1
-1.1660822024940596,-2.146804655787901,2.083589783914512,0
0.8889910173135352,0.1324094260175902,0.01347830838435738,1
-1.2096851789154681,0.3027604463588705,0.031812745895126344,1
0.14886883502130133,1.749386029516666,0.18432062941709504,1
1.2617150519866187,1.6625616600908195,0.06568227063802323,1
0.6271430012160725,1.2917380677477242,0.07989981856253883,1
-1.0418566809033192,-1.750349334465592,1.1609155061696381,1
1.1063630158761373,-1.0825637379429063,0.9546444537287285,1
0.529399184049504,2.6429562314972586,0.02634300350488827,1
1.158858514409374,1.0061776291616675,0.015759591735640056,1
-0.4108909367987793,0.93964941850951,0.06862953864722574,1
-0.3156005841549191,-0.14176130177143403,0.4125605699434577,1
0.7557815080273372,0.2066310348314289,0.6283550281943537,1
0.13039504794188195,2.351981190190317,0.03501347035666761,1
1.7668260274574505,0.8355895465292882,0.03736179532456997,1
-0.18709952959536524,2.1994841585302045,0.0030959314542258376,1
0.35254395875310973,0.5457281135500464,0.015277084082278304,1
1.3476120018023643,0.3975976042926826,0.06683713239373504,1
-1.0026952603688366,-0.8626102052482658,0.019727084659262716,1
0.5139317683601279,0.8333770561358058,0.20325689627958798,1
-0.33120343949900277,1.5805672820858756,0.008686134367582591,1
1.1598536072864367,-0.705399910893313,0.2060095431562824,1
0.7059331574274509,0.008263554166372792,0.02454563313773346,1
0.08295489110828948,-0.5529874635388428,0.4949082503798353,1
1.5688957371970618,0.012549051733288753,0.07488212999849599,1
-0.9118980286973476,-0.28581589049848327,0.5879677376786938,1
1.0536632695195292,-0.2283562879323448,0.2814212769362628,1
-0.02574774754477614,0.33966978292368794,0.08366050480710839,1
0.6676127711451506,1.2873403666922725,0.033703979696357696,1
0.040065442525156425,-0.07183121673764145,0.7798104973850927,1
1.6655665671226736,0.47757112620435,0.004631053583346854,1
-0.03242025246628266,1.4792806789793143,0.7674544869742953,1
-1.3440638051453626,-0.010877143183239537,0.17600083132962996,1
0.5210545253125347,-1.823304396375806,5.376760524883189,0
-1.7492272283390748,-0.8198261449968224,3.4201597690728747,0
1.2733744478911786,1.7810977258842815,0.01915121347317411,1
0.1379995899810834,-1.406804014609514,0.36263188056927664,1
1.0954956871270858,0.41043509439851483,0.1963040217432389,1
1.0356674972401554,0.7711282785726923,0.05529428377888743,1
-1.2770572466876888,0.9882825454440162,0.48659565876553296,1
0.16999493460133092,-0.7138288284980582,0.62605149364801,1
-0.3588855208031354,0.27181124114626287,0.08987909675933217,1
-0.9059230102219339,0.6552178936708289,0.593289002381353,1
1.0677664068186332,0.8286287876687518,0.2933431816982856,1
1.7440163823516783,-0.43724027487802736,0.1476599944121722,1
0.8344739030884534,0.4877748253782985,0.09771292329592775,1
2.744486860352985,-1.113272128419436,1.6159971090716116e-4,1
-0.06482891946582792,-1.0535393646555344,0.254561661430097,1
1.785390226708782,-0.587727890086516,0.039540610872515515,1
-0.8406774170985687,-0.26940177115059716,0.05418146305713298,1
0.4012592272258932,1.319317655176604,0.03391640610922475,1
0.16518174240873792,-0.08601291686697414,0.24233284093740828,1
1.4574005373316088,-0.7715426110531254,0.49510397400399353,1
1.6798290297613125,0.5040648928886948,0.20610518648996642,1
-0.6823647070711164,0.05032213667036889,0.6813796068878758,1
0.9661271929224299,-1.118985071352171,0.12599974018584906,1
-0.7198890923503852,-2.1723256762346796,0.10824574909565651,1
0.024397716622065486,1.962712039743366,0.010398365851051356,1
1.7598132519091751,-0.25962144924092856,0.014721087112806145,1
2.1377671036501225,1.9259265133505163,5.62101002059396e-4,1
-0.6458942535492068,-0.5476299358234672,0.8477950983939547,1
-0.7092102120023973,0.6736576969868603,0.401370939481725,1
0.3916331864579124,0.18729099910495833,0.2826842934682917,1
0.45751186921847947,0.2836960141770993,0.12615424900342476,1
0.26302612768668054,-0.39024629632579383,0.5728221841557661,1
0.05421668730964157,2.054379917466685,0.002935336351751502,1
-1.3918100119322494,0.8337740264792749,0.19315580648970607,1
-0.39751881524778193,0.35497155423925025,0.005026296458379462,1
0.918862573803692,-0.16857676553135204,0.7247890540991333,1
-0.9708164378093679,-0.011635307328553918,0.5060520413960274,1
0.4231552358764103,1.0980037985536042,0.008992451064666665,1
1.0508890924105005,1.0213562212360006,0.05556398526602374,1
0.21460619656085286,2.2762135951814146,0.030619788249499208,1
1.0078313761590896,0.14114103557956917,0.0939660313946863,1
0.49572641567568465,1.0067268505288933,0.05770190889217454,1
-0.48585888696012036,-1.665005174066747,0.8523659781765427,1
0.9685663405245407,1.6411904594665845,0.025034221746670794,1
-0.7075292305663711,0.6772132314255772,0.35383376431589686,1
0.4021325210652377,-1.6150719450229576,1.3312554566509764,1
0.1272579235954124,0.8433732382081784,0.008213651599113945,1
1.9107907775637933,0.9601029496700647,0.0028419054841905423,1
-0.027616299525765255,0.19625775166215711,0.19044604199908904,1
1.3671976723825736,0.3640150432476686,0.2428210563528671,1
0.7645781846039168,0.38199170904258667,0.2470500139830584,1
0.4154227317146404,-0.03253876833494697,0.04895892767274449,1
0.6597641383319459,0.4108572482437491,0.0901784826550904,1
2.373843312235676,-0.3180165615542204,0.1859893250783629,1
2.769904496764451,-0.06449283549749067,0.15977326457469662,1
0.036585759640949844,0.6676296775025437,0.637688033855531,1
-0.9056839620341235,0.6195214174725737,0.005762439802318247,1
0.2690020667794116,-0.008000554368955373,0.38805270329785946,1
-0.08709908468603689,0.15811168969788908,0.14054156595830478,1
-0.22266150901926768,0.3072840236536039,0.1390159987506306,1
-1.6350967496537385,1.7360883394480313,0.5520295491862135,1
-0.24413994983625584,0.5916587017846667,0.18463799863267094,1
0.30174481968582345,0.00468917379943403,0.6852082150964488,1
1.683810525834888,-0.045435088354470486,0.07252870288950451,1
0.5599716607203612,-1.180125779237799,0.7426178685779107,1
-1.1098454949604846,-0.6888086005360149,0.4436490765512275,1
0.5943420451091571,0.05446103482476888,0.04432241040486094,1
1.0952226976367216,1.1013015821470524,0.011517986062467893,1
-1.3603061435035146,-0.9852620911446806,0.9304297556048859,1
-2.646997023297213,0.9898708734811167,0.5965833518863688,1
-0.710727751513227,-0.07050877076718058,0.12195346291448075,1
-0.39110420740044904,0.13059282773333594,0.2239686291600603,1
0.39012121737713745,0.24541652013731538,0.15455016886343204,1
1.0491860776864823,-1.296028489936831,0.4731830135796432,1
2.2320891014977375,0.7147300341645659,0.1764525526535655,1
1.388974484948755,0.49846335258327684,0.059821091111912784,1
0.19391577512426383,0.3578545054799147,0.10264825670732607,1
0.7755168831131026,0.915345899586457,0.15054692802751815,1
1.0639364006490373,1.2742761767973358,0.059340951316131395,1
