x1,x2,x,event,l
-0.6910341168438612,0.24289429145769667,0.4160662718934388,1,0.372719969823579
-0.931281516916861,-0.49462535985725176,0.216980854913446,1,0.20665757766082118
-0.8195887177605221,-0.1778606222162206,1.7170396163225699,1,0.95814443770869
-1.927216127343373,0.4215524979436326,2.448686014728909,1,1.9466465138911988
0.11610005997141842,0.22662860383334607,0.8725930184648873,1,0.1507367165416515
-1.8038329132354263,0.9840254836887361,1.5598657375122202,1,0.4176098519584634
-0.8844371806799601,-0.4714464575710119,5.32129918519864,1,2.0700916226566393
-2.606573979742823,0.16128276761730617,17.72145271016888,1,0.7122872932988829
-0.9010906176204458,0.5033224611934444,1.8236741340411058,1,1.5287815005351764
-2.139674285926153,-1.432734937408803,17.098032786534887,1,1.8998989915187843
-0.49320538288792953,0.899788037288286,0.5783710124648385,1,0.5367693961086248
-1.6858523781587735,0.5935713672834,1.8888105897872727,1,0.933605160987667
0.17264000502263419,0.07110012481830957,2.1971514669009564,1,0.8466152610132647
-0.04188879824751747,0.3534669113406035,0.7056644400327468,1,0.4834334645622746
0.34844366843877694,2.233209955261276,0.025575645872544704,1,0.024972177472809363
-0.6759022473646519,-0.7902404329614321,4.501167191762079,1,1.3096954354304247
-1.9293513954873247,-1.8766691182090132,12.234379356575959,1,0.286782716083441
-1.8653522336992157,0.3957088140854807,2.0730834418435085,1,0.2613259631302642
-1.3904030935512646,-0.3282092021265033,5.144916229437896,1,2.3639540831467265
-0.9408997231591556,-1.5289267820359618,44.94472436626127,1,7.709675191861394
-1.9434478681793284,1.2280267130499365,1.1990269097460773,1,0.22052739317175754
0.0849289865957862,-2.561440913959442,54.84397490046425,1,1.867868094572928
0.8722198556820024,-0.19854947130692197,1.6059133397071637,1,0.06657625395879296
0.44131522261740513,-1.2684197685820957,1.6703291231184623,1,0.3311048289194777
-0.5914232978504166,-0.017407697371303744,1.292540896940659,1,0.2882682883396016
-0.25295203758295937,-0.9281712761069405,3.314414131765329,1,0.4732249306403853
-1.474756444055326,-0.44034435279591644,0.9420098087383363,1,0.052066274992841007
0.5230147863317486,-2.28270479458577,5.391477610131957,1,0.36416168465482
-0.42090230305154036,-1.7454628616850358,16.328927398895473,1,0.9911051875567994
-0.5617113487948947,1.517416371243209,0.2523311323340277,1,0.01411788869133359
1.981467664410216,-1.2081897553662997,2.8445462770853545,1,1.10137905436438
-0.18869524230300325,-0.16775757462481694,3.999034580614458,1,0.5765439133608596
-2.145525028756793,0.5461616747112432,1.3351832695750911,1,0.5900099731677274
-0.41699897596373325,-2.180161859836926,6.135634725818661,1,1.7086698335423045
-0.5502485339104077,-0.6731107126064649,1.3028622510912193,1,1.1222023114177253
-0.5999487729026218,-0.9503119074990692,8.34951969091568,1,3.185357548209489
-1.2592635902650355,-0.6982817940435595,1.5442940585567992,1,0.4296857868785157
-2.034861765350249,0.8643705246667203,1.236440279027851,1,0.4353316494264308
-1.090284217062401,0.3366769940513489,4.322879975589702,1,0.24985440849185575
0.8225379111932065,-0.9918771142506055,2.8850021139036164,1,0.48507994434759766
-1.3835374547285435,-0.36614423152409226,5.3707474728451485,1,0.09058619091676065
-0.24171578241955527,-0.367193203670948,2.2085611614700706,1,2.0795466488838388
-0.6130147374335744,-0.9138179081266361,3.738144467686559,1,3.1143446052466484
-0.6022586827767863,-0.11160594591661692,2.149300382129101,1,1.2287736249933465
1.270604568280524,-0.6947014418383836,0.8145054296427144,1,0.09782471976929244
-0.4277187506468954,1.0446137160842552,0.37111768314824656,1,0.14581719309556562
-0.14867275042008937,-0.2560940446435499,3.8328565171411837,1,0.1913325223041011
-0.33206474030320476,-1.1494382292495746,4.2278578357327,1,0.8603455774739647
1.2208845602187595,0.6393437552220215,0.4600779436803851,1,0.3123060397417602
-3.473877807574091,0.10467997771249439,4.09259755420727,1,0.12120648629627248
-0.9032571521427765,0.11920354477958031,5.5188654991308574,1,1.4145292037182855
-2.092296635588381,-0.6808945365466375,8.705000151102034,1,0.36504596919655924
-1.560935313415357,1.4344980791045157,1.628817653781677,1,1.2337685546188732
-1.203511460618416,-1.0067301215148585,3.0042574134236784,1,1.139859868996435
0.7537588427517778,0.30776621240883034,1.1784889584845035,1,0.14526062124253383
-0.7378291605899986,-0.30278671407253643,5.7972150069816974,1,0.01476673925170452
-1.976132420434745,-0.739647975918264,3.5306423834545178,1,0.08836978131329298
-1.0997092591830888,0.4596968100324288,0.5149713120286481,1,0.1423419562463347
-0.32657753064379025,-0.9243354470227413,2.1084663812130615,1,0.8976323946554758
0.6134762300488633,0.50526824292028,0.6656553140780791,1,0.4275749958196965
0.7443955266137263,0.09047837898107854,1.809276237479145,1,0.28867541381940537
-1.9076552428412548,-1.1056960187101894,5.331054346987792,1,0.010979075505807524
-0.7470718450354992,0.03707614085890736,3.3814916718005152,1,1.5212940949613836
-1.543076673131171,0.8314544189348501,2.7042768939590545,1,0.2978483999250626
-1.2483690965431953,-0.49071367613172673,1.565860488722462,1,0.28349837012018214
0.3096933681882974,1.5674702269397875,0.024816702167824806,1,0.02167159448845694
-0.10649542097169241,-1.6061334904240503,4.847125656296513,1,1.9588646377517431
-1.293591152282385,-0.7340425057884717,2.0756535774519325,1,0.1727380825202053
1.6911279237634123,-1.2746644857956961,0.5962723046049587,1,0.5542898538627391
0.9752461989856768,0.8085924649158469,0.2645023636488208,1,0.0635450438722319
-1.6647422288004963,-0.47527268340752826,1.6894131101188201,1,1.2174183055413244
-1.6067018232562285,1.527231165784237,1.853028213214191,1,0.6419752309062776
0.5366571341911752,0.08390883188976163,0.3717780190144071,1,0.2566846570003085
-0.3082086289499477,0.19297750436757544,3.5186717591275016,1,0.016061883046645548
-1.2485358845175707,1.0585566887361064,0.28489770642527595,1,0.22257382029985764
-0.3491339302331049,-1.3019051437145739,4.2679007282973025,1,2.023527967192746
1.2973618092512795,-0.500447691064377,0.34063598499370856,1,0.30995564705997447
0.21206893867678683,-0.10077293568838637,1.1393289423468849,1,0.2803828833918202
-0.45719819705883497,-0.029072207181238412,1.6386862092994663,1,0.7962123023140473
-0.5836219684106535,-0.02867195878582017,1.1070967061810668,1,1.0809373085784282
-0.3015626764823647,1.146059418310676,0.2825415300341317,1,0.2652552698413519
-1.947858970146478,-0.8643929444984716,25.74727908020618,1,0.5507060023678837
0.007502646010727243,-1.0130094814438602,2.3376071816290294,1,0.0437781455964751
-0.41506717052248504,-0.44387597179370414,3.1518104732266834,1,2.6449893451029935
-0.23661407315187796,-1.30874759403161,4.6864042534898385,1,0.19937051016571594
-1.3034930629770856,-0.1497003399359106,1.6461155427349081,1,0.060989940881238165
-0.4046616698472475,0.6785675985538321,0.6944387233837175,1,0.016354751082029783
-1.7693218801689052,-0.15545534807783534,9.843361560641554,1,0.47959588837926354
-0.9735834185841931,-0.5009721015745479,2.776481892207559,1,1.833127896710565
-1.4575563012995498,-2.0740037997667997,5.311941632663472,1,0.08206064272397992
-1.2521344716880123,-0.46817362885871117,3.1558122444555674,1,0.1868303745346957
-1.184152149476495,-1.2338640640387644,12.052508046907498,1,1.499066648067756
-0.5485564243986885,-0.533289119886398,2.0252378832378293,1,0.5296713312146891
1.2978434970074066,-1.5887547615006152,3.5598271993827613,1,0.6326429433737113
-0.9318816930743361,-0.8935350627974754,2.022834603516609,1,0.026577487650583174
-0.573741036580611,-0.4333063130354496,2.034958820801217,1,0.9092547452049907
-1.7570117126310367,0.5118235763967897,0.6774310470568388,1,0.5096540460157086
0.48035609877934693,-1.6503095706740971,1.8124077934289928,1,0.059651932406812706
-0.6416284522347686,-0.7880203258154251,3.6053505128380516,1,1.3483285157179787
-2.02472613075564,-2.0875817204180263,80,0,2.0036443548213843
0.5584868460105111,-0.5156007277770647,1.846298500064603,1,0.6233445993283884
0.3409985654441947,0.7814523398216232,0.7218471485500384,1,0.15753747811589125
0.48107495643872755,-0.2815853575019501,0.3698734171457137,1,0.20349503330252416
-1.0865418917685519,-0.0728894835997988,2.645777099532192,1,1.0471476580728858
-1.492244346732936,0.17919056388882934,1.1453259901737147,1,0.3307608792962908
1.6436482324524306,0.306159327151541,0.8219833470104165,1,0.14601582445734934
0.7867755795476793,0.5952498453385101,0.18873686638038153,1,0.07434267541880933
-0.5179623688835833,0.6566456537761306,0.9966749568313005,1,0.5897126252762942
-1.7938593264696088,0.2642806761860396,3.6503094932593365,1,0.34185866703609147
-1.5438110066100603,-0.7552144032438491,5.832741279205082,1,5.124922439097056
0.8778705130638049,-1.1315015224847669,1.4701042352998652,1,0.7969099430788421
-0.5375499680832947,0.4144211128544656,1.8828834499059794,1,1.690316649886084
-0.7777096743255357,-0.8266717643525993,8.169917167552706,1,2.69365724864196
-1.2961292233755584,1.1452393850529234,3.045125912154981,1,1.6973407230742585
-3.1007981843639167,-1.7149500573461014,64.15859088281556,1,0.17991927234747176
0.2830629899588577,-1.4129400214138275,5.071302164644815,1,0.907912842263601
-1.3443210205840765,-0.6653942142876504,3.687353985689453,1,1.5598269465211168
-1.3604076981245952,0.7129255183270083,1.5136412610602186,1,0.0031133804211375474
-0.9473284423631558,-0.14408065557144972,1.6654993219761967,1,0.5791082653933356
-0.02500936308696683,-0.6031675531867284,1.3718064952687101,1,0.28542048666925474
1.4995140076805797,-0.588467857830353,1.9324951846086635,1,1.3591327559624167
1.686051796947661,1.0455177324519072,0.12262606856673784,1,0.0437577268768493
-1.0919337489384797,0.13328839436974824,3.336375930247883,1,0.7907955226785285
0.022083160667122553,1.352379251718367,0.6369797353382441,1,0.5567146592793524
-0.1737118669324131,-1.2978035925850222,2.099944680355333,1,0.09301243027595768
1.3959854027064162,-0.523052013920685,2.5173980566536445,1,1.6333045487549513
0.08559093215629804,0.4695899124733414,2.0089855043799245,1,0.26848942393933206
-0.6093020849120855,-0.6635286848819534,1.1450640471070772,1,0.8851553646568411
-2.5379424912151434,-1.8407522787481105,42.22661256276929,1,0.7694172097586321
0.2680969818553395,1.2451995977501435,0.17422992561161238,1,0.08508223246360148
-0.43671117702922146,-1.58136282232604,2.5392008928877154,1,0.17306014418343396
0.3233831170486947,-0.9847977387604818,3.631258232764876,1,1.8216647210114312
-0.3797955103852549,-0.8289585435424915,0.7308457734203245,1,0.523573648157193
-1.7900978856764527,1.1192039486707839,0.9554251855481533,1,0.43067553105942835
0.36253500219079104,-1.015743477278835,5.931946082167542,1,1.1527086795311203
0.014586518126402938,0.44794741851038017,3.016376912500718,1,1.0161312496579125
-0.5217532127732041,-1.4697008862883816,5.919327369152084,1,0.7142483776381102
-0.9606882813311056,-1.326064171136635,2.9926754268134492,1,0.9076507368515595
-0.10678595625527793,0.40786234179880665,0.17317438638148383,1,0.06932319120731967
-0.38318664543675246,-1.15666671752011,1.3544531610553792,1,0.4775552584483658
-0.41589319207182746,-0.5992737627484335,1.935898758968278,1,0.7739383533336296
0.7946828301710338,-0.47064002648806047,1.993576132382913,1,1.0710650371419637
0.5142292516693269,-0.8684264689409072,4.913787955335061,1,1.520032701686866
0.10085354617078042,1.170920073637366,0.43759715877287825,1,0.21321168186278927
0.6157741873999709,-0.026265798849549608,0.32651434221402953,1,0.08642247911022653
-0.7510378264140998,-0.10202005101416975,6.358572715714851,1,0.6223358570298589
0.13095093140806374,-1.5246870607382168,4.348504919381003,1,1.1405213751766343
-2.407323757319325,0.4889331742723195,6.970457574619293,1,0.43920684735938725
-1.4849878243143708,-1.4841021927972218,8.553944836653299,1,0.12584489769816776
1.1756060141482747,-0.5306702957928123,0.5992794720119147,1,0.5188150836184398
-0.14193634623625387,-1.227591183539076,2.388318349225948,1,2.3135886280305002
-0.4136244077025971,0.2978616492001901,1.398466239551921,1,0.22021716988985965
1.4064819640476154,-1.9949258345632397,5.711409827159623,1,0.294767171252519
-0.7017232851648368,-0.6486674606958901,2.504405657101667,1,0.3000433469260938
-1.0459157255190537,-0.1883286886485388,2.7219379415086697,1,0.1965822195538486
-0.1289983887147677,-0.6535625577668374,2.6420847730375163,1,0.4993948007897302
-1.871791034787291,-1.0335641176673975,34.62132738174737,1,1.2842607322938044
0.4432942692265491,-0.29821062090216444,0.36667496589948806,1,0.07062827190419878
-0.49381405248932564,-1.372317833359861,2.5859330992980274,1,1.0255384103070098
0.3840062332676731,0.383630908537072,1.1158916156485377,1,0.15676023586866045
-0.4578831402430012,-0.09105980811579138,0.31033351612552457,1,0.09064513797931031
0.1421677033254043,0.7662706448830665,0.38640900567023034,1,0.14305573919016087
-1.5818773732017521,-1.7563477520515234,17.494986158295806,1,0.23798761538271054
-1.526630902059639,-0.9469384949869475,5.253430005380795,1,0.9083498688822323
-1.3300497560686464,-1.0472601887936581,16.64390174513152,1,0.8425689082645983
-2.486224948366135,-0.4525767286174027,1.8124875160556928,1,0.5691222235699607
0.5527782726807399,-1.0068435897706538,7.092087542430721,1,3.2342548640133093
0.6158979158918274,-0.620215204302462,0.6850868260716975,1,0.6566696556748673
0.5198150584646781,-0.48612047626666133,3.3208963981315147,1,0.50063885238110994
-1.4198520518429159,-0.3875498211582364,5.691708715601748,1,0.1788491357421802
-0.2460329795142925,-0.40369274350332146,8.361951319503408,1,0.04887059548067247
-0.7994919397094843,0.32477657820264577,1.4311124330242335,1,0.6052185335813735
1.749594325160821,-1.0901961869359038,0.8015331777016861,1,0.7391780316909426
0.4542240309982642,0.5465467582111928,0.33998435233042457,1,0.04973494880422384
0.7299143735778572,0.24742480940107184,0.30311207694430414,1,0.28794619856701076
-0.4676959999565467,-2.587574177627167,54.053652598875395,1,0.9000394808401179
0.2569065672796586,0.4362563497201813,0.3384601180371903,1,0.07665020265861211
-1.9608303628536643,-0.2767594569773568,6.469556512293929,1,3.846932526989435
-1.1580630765259894,-1.3088290243106615,2.4652599432447935,1,0.7507785865860235
0.09755292486729565,-0.6134448248663692,0.9605115590730791,1,0.17659251248395338
0.9257967190141735,-0.7735308279064947,7.604970614571906,1,0.7337227200849467
-0.5211544864012155,-1.9881024250030284,1.2218974340116284,1,0.7569679934064273
-1.7723405207032592,-0.4564244508343539,2.544826672268002,1,0.7245823657347163
1.0494269740711084,-0.6649450784780204,1.6324780382451227,1,0.6018487300136632
-0.44466441566418374,-2.566205436553302,36.35005678335275,1,0.3941259378599309
-0.056392640845201715,-1.2141184764546382,10.18251288852974,1,3.0168024461563507
1.6359579846463272,-1.9117468657186785,0.6009285803016114,1,0.3677246588790241
0.3479676414069304,1.437518976365729,0.020228128058569304,1,0.016254176664230013
-0.229447419172044,-0.4720106398908401,3.450201826262627,1,0.7251782415745397
-1.0876815134517368,0.09454174258331072,3.440084352949351,1,0.11993082332415266
-0.2787812447171683,1.0436532502999065,0.6308545131948108,1,0.26424420174143093
-0.0056485201635081824,1.4650455996102356,0.5612055404385189,1,0.4336421583800863
-1.2656473205129983,-0.6993021883209858,0.24637833905996476,1,0.24276379638172774
0.22940474040607214,0.864346486553108,0.5721209913297591,1,0.43817055053469633
-2.6825349577360327,-1.1870189217981768,7.707150304709936,1,2.772943693999945
-2.2666506549873877,0.6805135636967428,1.3961540626560722,1,0.9400595215071905
1.9922253289959688,-0.21015498171479552,0.2281294849244454,1,0.1576882476390202
-0.37172768361294767,-1.204980780516062,13.12064625080519,1,5.669959821681758
-0.6973117924752317,0.5059667228951104,4.756465247681771,1,1.7617428077598787
-0.03267202887291049,0.30929474642655247,0.644893945803719,1,0.12344425540689707
-1.8072064450947993,-0.4008787808973063,12.567608580251914,1,0.1705867167524458
1.5178800472483922,-1.1421033124000237,1.3521878838945667,1,0.7948510145997386
-0.5538887656697089,1.20409774795091,1.5857175537203225,1,0.4500169863799987
0.0037195628883948937,-1.3834746198891636,1.6855578883803293,1,0.38152675550075565
0.7875430067079867,-0.07252449358585968,0.5889975124934348,1,0.5038832540458654
-0.7262323301872002,-1.2050831701474576,4.5853458671460725,1,0.6574923672769275
-0.017759502637460147,1.0169516305611364,0.29246939987246195,1,0.29100522768732884
0.053045499657508564,-0.4689502444306223,12.99416558304176,1,2.4957988889853864
-0.659712754791244,-0.6913399115610122,1.4735203660122647,1,1.0802516812077654
1.217598683719955,-0.874742821280088,1.0026508929282718,1,0.10058217055459472
-0.593538038485496,-1.53954597999522,6.175983433382967,1,0.36678561325933684
1.0482187290395752,-1.8916146707331756,11.233189364872697,1,1.1542292935032246
-0.7714740212906909,-0.7008643578488332,5.241631453781798,1,2.1657631315517936
1.0899512333850563,-1.3924692026312735,1.8372643805629234,1,0.3269793054916256
0.10807442204677262,-0.6755257868578315,4.912927917700299,1,0.13036147789336527
0.9706455292114116,-1.4442588329316381,3.673015688750331,1,3.3806912167528376
0.49964222358083843,-0.15815736720994,0.039890284800858516,1,0.003918239484832243
-1.2954952707673597,-0.2684298395388056,9.669604952163535,1,1.1777554469838114
-0.5667824402054377,-0.5854280349787232,2.786278029540779,1,1.2152935813123866
-1.0621827461451572,-0.24678093631240275,8.856018302312398,1,0.5425008191121409
0.05718549888572259,-0.9594566196380835,0.9351203506832064,1,0.36765171854188966
-0.4576988680396565,-1.4475440156866568,1.9929495434624502,1,1.1352391269039002
-0.6299575502005788,-1.352995799813317,0.9641084382444969,1,0.3393316435501476
-0.07992482688053781,-1.2430683990694968,4.007010032791529,1,0.38712486039512034
1.0136479325629413,-0.6695226756547945,2.139421593521861,1,0.834917000862352
0.5999740347970547,-1.8615906915972142,6.539717550561528,1,0.33270968430800435
0.9387048532175666,-0.7456376224784927,1.018251599993619,1,0.0203542009947223
-0.308464705990595,0.49789405457098806,0.4275775161622788,1,0.3064526808698345
-0.6479150269906467,-1.1031714355572153,4.253265801844533,1,0.85082004859038
-2.148834219259393,-0.33325885966866003,8.411948375721044,1,0.1639115904997657
-0.7655374807881161,-0.44607174259966903,9.138714130784813,1,0.18545798845780295
-0.6678892946241578,-1.343974494061044,0.33919581297581436,1,0.20562936208538019
0.8454037257878088,0.193310731064743,0.8166288553832559,1,0.6657119764553382
0.25670904527028615,-2.544271135111344,18.220858034477423,1,0.5783012871630903
-1.9065115532774937,0.2064849593763474,1.784406681544108,1,0.13882689381787808
1.6924569042051887,-0.7187021923432176,3.4075786108080046,1,0.7908656733492823
-1.1843940433663227,0.015511231101355081,0.7637004768896242,1,0.2658967450310159
-1.2440728635616563,-0.08128027531124798,4.7869721827344325,1,0.9560391520009426
0.031615060247141724,-0.8073912211947522,2.6297479946921554,1,2.145403506399278
0.34469173778483686,-0.3815342499555236,0.9252928611374054,1,0.6096176663869217
-0.28459524591402124,-0.5162199014588353,10.643915702659376,1,1.0387407022629471
-0.9729794124888854,0.03773323588060748,0.8690096621561352,1,0.8072990919776727
-1.3320924563808445,-0.6741540035179826,10.027600421475086,1,0.7314522810148214
-1.27333372990332,-0.45872873420138177,3.414554282814516,1,1.1907292329891406
0.5593311616702552,-0.725360879903898,0.3505568712111806,1,0.06948542839823896
0.012254351928452686,-0.8621144645231125,3.86626090660592,1,1.125960451377138
0.24122399097478406,-1.6972743713955638,6.420200386063892,1,0.4995054741688879
-2.2506781977032446,-0.12853562983107386,1.6606521412700574,1,0.38165044046541663
-0.13714651101488598,-0.900941337732527,1.1905906858337936,1,0.17740287397713672
-0.8543172468214736,0.5385066272673873,2.670274233170788,1,0.6046798496418699
-0.6495699623289379,-0.42498979280359034,0.7300782192913395,1,0.03160240088516129
-1.3479486798689764,0.3452495725961411,4.6155311557358125,1,1.48876412434034
-0.8613478797212102,-1.2155452094944723,4.949395459484779,1,1.5730767278720066
0.0375807123570673,-1.485831880721198,4.803690996735544,1,0.05352985407944505
-1.2892077297653262,0.36266170812245063,1.2990342904764085,1,1.1706142714497654
-1.7423680038549276,0.2693950143480162,1.0702641338926313,1,1.0289775069448952
0.3024900495459509,0.6912059392505728,0.27434962857908884,1,0.05334424577358575
-0.06012102253833478,2.3655599115400716,0.32360157266167927,1,0.06968964982346607
-0.4868165759958081,-0.67464355139201,2.215466542584111,1,0.6946319391818737
-1.9722956588289864,-0.47494141334866347,4.947441248633742,1,1.1960462840504604
0.7835469737606717,-0.7137878453784737,2.8424299902380454,1,0.6647750975461296
0.0670376221172797,1.6521501245336256,0.23387000671660757,1,5.999500041323337e-4
-0.7421660877578147,0.41815394589491556,3.3754192018062135,1,0.10667513490713909
-1.652093591696152,-0.09127148892919917,8.100145550942782,1,7.298282417967035
-0.027341841768662414,-1.7810051180722337,4.043597151041771,1,0.3288836350503644
-0.5786315217785979,-0.509883471860911,1.5243356779840038,1,1.2684781657819908
-2.702518816247481,0.7693222887721374,5.249067168184106,1,0.020351867878143123
-0.5987140939849102,-1.2345963047354898,4.065701124571781,1,0.14775208735971004
-0.19998712248015788,-0.8702149103405121,3.0037398013744725,1,1.3408425377507125
-0.6687052266762005,-1.7602650961986999,4.245977090937484,1,2.5602134938835834
-0.2523374541621905,-1.541499227010608,12.367136559076911,1,1.711012615819378
-1.4043699088038288,-0.8186663729149964,0.5214095649258841,1,0.0997633334461959
0.43392701307132175,-1.5576674359120168,6.353281287983819,1,4.83299738387103
-0.8486205307948737,0.1372390407940641,1.1796995213923982,1,0.34451831503726216
0.5022226224062278,-2.3386010095178995,7.746550843526429,1,0.09573764417675232
0.6517622117037346,-1.3346807741921596,5.9813858839135765,1,1.085371672064967
-2.016204712601745,0.6429071330218815,2.324961565656915,1,0.5560140633340329
-0.428864484018355,-0.8334301406150092,2.950023448984702,1,1.0644112593924906
0.04762849277873044,1.1343643680580466,0.4215026883008762,1,0.043126590713858284
0.32230316340824705,-1.2739583946869448,1.1040914177087875,1,0.9300943724022236
-1.9585415402568043,-0.3236310089715178,2.1004437449561975,1,1.2287044554092943
-0.7025029187727628,-0.009189366515082988,2.9392254629341545,1,1.6305337637487258
-0.27262974233881143,-1.366303399779099,4.129281457299018,1,1.881022093882258
2.8591271264142706,-0.017304288625538677,0.2726023866544628,1,0.1145396634807303
-0.18024119789391208,0.3781387765657996,1.3744207312207237,1,0.3943691994488136
-0.8183841874329425,-1.4064044710025878,13.560169811996898,1,0.1404440623640288
-0.12249734884311984,0.20194890921619332,0.20010878528528453,1,0.1732612052237517
-1.1990534972221472,1.3260972195798735,0.02591980125005176,1,0.007069614794991494
-0.7810465307661932,0.06603988308423175,2.3052696551417027,1,0.5940304867626359
-1.958539139323543,-0.12082970214337375,1.6370042038965518,1,0.3891938152618188
-1.1062591107862838,0.4020522360455783,3.597589447801421,1,1.0774753986690946
-0.10444885933256058,-0.04451469068360713,1.5877419112194773,1,0.8473806495078002
-0.44033237357313876,-1.8605768569846701,7.957716833045756,1,0.4948274151993644
7.414902320669614e-4,-0.9373192081820935,4.962327922994703,1,1.3329847005033353
-2.097328457394584,0.4422974477144968,10.282271723145412,1,0.7749406272097786
-0.7247164730953929,-0.15883516527086927,0.21646470185403882,1,0.17358167454768958
-0.8688503253578086,-0.4980693076642287,8.130231450188903,1,3.997107507177877
-0.7327777337505037,0.6004431406977864,3.271925570249122,1,0.3655588624496444
-0.13746598925415893,0.4762382644379783,1.9986240798765256,1,0.2848045725431634
1.1953063642486859,-0.7263362324440832,0.4577848352490812,1,0.1253881548424067
0.6558704822480553,1.3227670115632333,0.20875715033346776,1,0.14253123275058496
-0.20311189888006728,-0.34616207377806074,2.7541867047214295,1,0.24077917093606438
0.1765515098052778,0.5691056278518587,0.6875475764456862,1,0.34122927084481475
0.7718162663965983,0.40661715053068404,0.42838737791951625,1,0.14468131083581437
0.25047858686424246,-0.6183672580465729,4.764836146183134,1,0.7205815390828868
-1.328472350312622,-1.999630465700959,66.00730613030024,1,5.696846584309071
1.1093442964386162,-0.060638565030759754,1.1964759606893876,1,0.7688447417347669
0.15977124109770327,0.2231646081044757,0.2443236942537108,1,0.13197391927524274
-0.44910234509356095,0.30852617584876485,0.7697186712146872,1,0.2642328741549603
0.0714150957692566,-0.49954072744284556,0.43813960738325763,1,0.3587155677534819
-1.0043699713135408,-1.0447341933640408,16.054607694229944,1,0.9064696048220257
-0.31515207876754997,0.508115527107487,0.08819382849582678,1,0.07322363444118128
-0.03232296941100538,-1.0575906463964682,3.8889425301153744,1,0.2577779003209073
1.0118868315430354,-2.037289634307442,1.2052872222472257,1,0.008015594425428577
-0.5775157311678857,-0.7583293419351896,7.350495085643662,1,0.5339911682777394
0.3970491150696089,-1.9715956332513365,9.159714369352189,1,1.5594205440424134
0.42371271176024256,-0.21790548015905692,0.7107018520082983,1,0.3719656426396156
0.3463347863992848,0.0670272157519129,0.4406200523546968,1,0.34159615806561067
-0.6937879122237561,0.8163025330344225,0.9905582728624519,1,0.6427330264742731
0.28998260745645327,-0.4505424775872035,1.2307397358926546,1,1.084130088697973
0.5943649681519849,-1.0207700336700987,2.930685002053368,1,2.213858307552065
-0.4065205353097448,-0.39938649429056433,3.153162850600253,1,0.7828111795956043
-1.0450776769018815,0.42851337904312226,0.8358389220140048,1,0.20644290182098538
-0.35754211111864354,-0.8421546454815919,2.470273404951784,1,0.2432132610388343
-0.24892012935262872,0.3707397126221681,3.670953866141798,1,0.34332906434163973
1.5806204427681887,-1.7716378590213635,1.8854538154221774,1,1.3538832016195927
-0.3033784104550197,-0.6990547882006122,2.142106166505123,1,1.3482823590621527
-1.4672524844398451,1.1415476185805133,0.3454298189180735,1,0.005624954489008103
0.6792943814228156,-0.9704732727388767,1.955687370981979,1,1.4714677077346254
0.8647409035191232,-0.6390848835523025,1.0498948621595101,1,0.24555000384550554
1.4761098124553447,-1.6901395636850625,6.489491249852948,1,0.6490252403271352
-1.425009957279894,-1.3453934894774775,11.792921425730446,1,2.040161879356297
2.173902584961488,-1.1974047056558532,1.7379396781460885,1,0.05595298161055123
-1.4270121655295793,-0.976430700172023,12.471106557752101,1,1.0449079898881557
-0.25750351651825754,0.08678755448313577,0.5793831195322805,1,0.5068987721484098
0.24233263345678527,-0.9032776365843477,1.1590682950703262,1,0.3766095319639337
-1.7397997289245923,-1.4845949281397839,5.486672121534441,1,0.05291000159298959
-1.0492901848192473,-0.5368505920875848,1.6627014412897687,1,1.0210512685467952
0.32767394326463556,-1.4448244048541208,18.533967432962292,1,0.45773321993595306
1.7012065036567552,-0.4781253779296312,2.1645709701198568,1,1.0127485585394356
-0.15902088934919187,0.15268418911594694,0.9240396955454032,1,0.1853082936226625
0.16971131738810585,-1.3567288468175411,5.282648894980709,1,0.7855171900691528
0.8093605326243904,0.35001003577336326,0.40366687995299955,1,0.15713700171184672
-0.7389819922525476,-0.3162884135872788,4.4290283145778435,1,0.0311967748996259
-0.5263998530314565,-2.0560602089676685,3.9629613287108203,1,2.293013873625821
0.5384329601149739,-0.5511221552748194,2.324162685254229,1,0.30713890355076223
-0.5107668386491507,-0.028538685597894964,2.202551024401028,1,0.340250738991646
0.30947426623133945,-0.6751448763654083,5.320345315746919,1,1.0429713675670975
0.6770911011832064,-0.8299915531542262,4.702744386711511,1,0.3272339157584798
0.36356659066276853,-0.019342395861610694,2.270125746106784,1,0.20701749331284452
-0.7885149428730143,-0.41912187930378053,4.853408143209055,1,1.3955343889289031
0.13319577054161047,-0.754830849652628,0.8636202881268549,1,0.14048099641571893
-0.9315731345536666,0.8685938619442398,3.1173441497191745,1,1.7576305366891005
-0.49222581013172617,0.2448730203339736,3.344588487437702,1,0.9944608979588916
-1.1935890840803816,0.41015978280388093,1.6995972098796428,1,0.9377332733782499
1.364114655171522,-0.3179714770720109,0.49058615289340574,1,0.014853606269584775
-0.05300048324795986,0.9391493358259888,0.01021284064907018,1,0.00440085878986415
-0.1162294090040577,0.4580536864998211,0.6853623078620162,1,0.04982581565977413
-1.0008865349038367,0.1478349303478334,0.32459080822522085,1,0.2826085324542405
0.6308170562402712,-1.114639459803595,1.2980673396635503,1,0.5882149939013712
-0.8154378930246714,-0.4836917008979351,0.5127049106936133,1,0.4983438254432044
-0.66219863033691,-0.3062393895162778,5.002157136984956,1,0.43871998568474935
-2.7799957562584914,0.7432392937248536,6.611865967433305,1,0.6031727393445013
-2.851804977723339,-0.900642025940965,43.70394440673083,1,1.7333936975586286
-0.445736075738863,-0.18003005372779968,0.894098311021755,1,0.2264258874948946
0.0034032611068518736,-0.22815394706691,0.3011231655026104,1,0.2171571931339953
-0.5172544683808314,-0.7230925675237607,0.608250232993277,1,0.2741959618170777
0.9671003708434176,-1.1868907227969119,0.6738311871079784,1,0.04454179557881146
-0.4321707833485334,0.30247919459820066,1.5165738687682662,1,0.3991507127616474
-1.5104980778958903,-1.12064872554075,4.268593521657682,1,0.291016213965103
0.09670140595650273,-0.3163611546768585,2.6877304151575903,1,1.364291410179847
1.0000559150454007,-0.121262040436719,0.7439933369918847,1,0.49598630237495717
-1.8830627921878174,-0.7851781055933885,6.767827100602847,1,3.0147777251746803
-0.1198891833568518,0.637254680846255,0.6326029266319031,1,0.5439167643158336
0.07139153466220642,-0.2697364272498158,3.9364101114336854,1,1.6301904381438823
-1.648984920693483,-2.1664907753480422,12.520604718321023,1,0.4369131798594689
-1.2213380324222438,0.8726203039943047,1.4743089074839297,1,0.6436241170999549
-1.5700101171345968,-1.1587678119249558,8.86671163753265,1,1.7271922547740652
-0.8700176413556102,-0.5226291361753331,1.4138105896409847,1,1.0320347398577203
0.8200831579197577,-0.7694085983922351,0.18515662426350046,1,0.13933124747750128
-0.01912874598800179,-1.5707991171243316,6.1716046704695025,1,3.0862434234604232
-0.23350576549640806,-1.778971253549466,43.843505059827336,1,1.593420613786881
-2.255299375395131,-0.5125034546793733,4.56044618029045,1,3.8171723712838643
0.5267315716702999,-0.858634621438904,3.3859748234656495,1,0.27989707739613656
-1.4779328476311742,-1.1662153812904437,1.1939203269524792,1,0.5825377541024812
-1.1223786086674625,-1.1775705429075538,5.67784395510079,1,1.7991594964963726
-1.2330761447094885,-1.620612092687448,8.964503849505538,1,1.3995680800268466
-0.6290587583359554,0.42109695099409394,1.17580254844626,1,0.31632950118995934
0.4658938568514032,1.068383001831428,0.6997371843714768,1,0.5641068727316376
-1.0464696232824828,-1.2540379567821287,6.207922327110642,1,1.7698805110478684
-0.9072464572371145,-0.14566669284923214,0.6496863076393198,1,0.3171945591368424
-2.112614522768084,-1.7191057111014594,50.63628880046696,1,2.6986604324120407
-1.0357937045667114,-1.7882799380197534,40.68347015978861,1,0.052272993790937604
0.010973848029245305,0.3083740476337803,1.9046517631291884,1,0.9867731358713328
-1.1292151192921949,-0.8808336186133578,3.5577865220081595,1,1.5605344992537238
0.7144367547301802,-0.5942778110369834,1.5289174069564362,1,1.092029341975852
-0.5707381425998324,-0.015105279825671114,1.533517957281886,1,0.3504530313693743
-0.43863963858920924,-0.7513172530656576,0.7638961834333883,1,0.0611666458129898
0.5397446204782822,-0.08089393547405761,1.8184045431421025,1,0.30333799077077106
-1.2918885614695848,-1.77959048537812,10.438551328816446,1,1.5791155428074828
-1.0207067339074107,-1.3825996033993169,7.9047594420998974,1,4.89344475327431
-0.13423657432105027,-0.8454788255571177,5.676334253343816,1,3.755895482462563
-0.8000170140548893,-0.06700237793933296,2.9463365318846715,1,0.12927599818577296
-0.6839613513262149,-0.8854663885363248,7.873639430259123,1,2.098660171318947
0.3120123533528952,0.3707617539971781,1.2068841934744616,1,1.0525622854163788
-1.497473746504551,0.45590693088767165,3.6564282556437693,1,0.0387769454016444
2.2843065052575473,-1.6152809860923596,1.1769918889428195,1,0.19681811750964118
-0.08939425677755881,0.382904884962463,1.0236493547838958,1,0.7760474237062459
-1.3222633172479734,0.47925542464837734,0.29708569226763004,1,0.17680732157612455
-0.12593281053257485,0.2582612338794912,0.3876055829653421,1,0.06306727717152616
-1.1081192225341356,-0.022198122692084852,2.6698667066463853,1,1.3003367877195042
-1.92568972789435,1.3678622568645367,1.2098837889977443,1,0.6763381427773191
-0.10732022906711627,-0.3707918416243775,4.3546646578223775,1,0.05984529312422513
0.3228429182460462,-0.29593613957906595,2.25729014234224,1,0.4359523522219164
0.18535576961500758,-0.6657331387141773,0.6376667086564284,1,0.5912715440737272
-0.9509970061526845,0.44555065201200866,3.4833918135164557,1,2.0522229783564505
-1.6165738126501557,-2.11291608158547,49.763580903039376,1,1.6507048865151699
0.2718219587522814,-0.21230959362064689,0.5725834296158715,1,0.5015717912798359
0.5312973899457493,0.056503010081687705,1.2125662315581793,1,0.1388904179200119
-1.346658905414628,-0.6626274148190291,3.292644614504571,1,1.2799175375515472
-1.1047307458963618,-0.94667734974772,8.90230979015216,1,3.5729556005213796
-0.6867336743727052,-2.291362309651981,48.5309767984556,1,0.7237158039848095
-0.4276724636183255,1.4118184177766446,0.16819566125046748,1,0.06685960969020134
-0.21692111700311192,1.6729499461514463e-4,3.0453154918104426,1,0.6086650372677832
-0.04230220048589335,-0.9442848045603445,9.32550277169734,1,0.6979927268292162
2.8829205872797683,-0.8339348347424653,0.2017539101155247,1,0.15389454219499676
0.7775342147649681,0.7713401196061156,0.5293891926631199,1,0.47890048788338385
-0.7858152023313127,0.16653602078418514,1.3222017156232007,1,0.3967856301956632
0.5194535664838118,-1.5884938606092738,1.1105184871658207,1,0.2044722030958388
-0.23426079930920612,0.15334173385971384,0.791798355628285,1,0.7746820897958452
0.6610915900397776,-1.2492297847866158,6.223591577055668,1,0.7601938951783423
-0.1812776772678754,0.6748851427534702,0.3408013578759073,1,0.28432543249714876
-0.6894754029686276,-1.6421784968981614,33.02206053923744,1,0.2405539905864971
-0.18625308731911253,-1.1305030930462001,2.9813052458230236,1,0.7878683675640373
-0.4154612379042701,0.05876534485525507,0.6207255989890645,1,0.30320468465273165
-0.13783353419019764,-1.7129758692837214,4.73443120064865,1,0.3741137086940898
-0.6797661391393401,-1.5065100661790347,5.340482678010688,1,0.869547803294748
-1.4347144436517822,-0.7079795852510284,7.303026893118872,1,0.7115743677055327
0.5632607731556302,-0.7813778059893791,2.1368544854841813,1,0.13798030630544345
-0.7870551314979867,-1.0299837052793588,8.295064010488831,1,0.5593512899110153
-0.10065731175974979,0.37596293114484264,0.9117072256850524,1,0.031449471753701976
-0.07829942859940454,-1.8023135099413041,7.080435257029706,1,0.18633298889922295
0.5275681076030635,-0.01231374554117339,0.8419371143258021,1,0.8214609166035689
-0.9682785286095795,-0.8652594227268813,0.8167820811414637,1,0.08839665675994277
0.21017842994596972,-2.050524047613984,5.387543450376202,1,0.8593448862572309
-0.3493914701372388,-1.803855920895884,2.649019538671025,1,0.5605942363854971
-0.9062054567287047,-1.1467950123127852,8.285910508671032,1,0.01593206327353412
-0.41005213600059387,-0.09149485436610252,3.3318426866747646,1,1.2627908016168787
-0.17825932633525812,0.44300248528767844,0.7921398076691832,1,0.17486659661197226
-0.28622288891683306,-0.6638289296706146,2.94941230017041,1,2.934360814709521
-0.11755491436589667,0.2577675107775545,1.770115707778521,1,1.1574964211303076
0.6786606969895347,-1.2232044793885115,1.5680417765495887,1,0.78725640678764
-0.03571749615361228,0.3956867528368852,1.2799066720802135,1,0.6086029724345464
1.640518202280923,0.3576408145162834,0.4661564174245079,1,0.4541506267458212
0.7224428861662425,0.07828520036471236,1.1295443054133145,1,0.6282459918640925
0.15792295009228693,-0.021179231414713028,0.41240635653711494,1,0.352684383647767
-0.2890703700205639,-0.476385946469599,2.395651814384624,1,1.5179265586286426
-0.10865132255557781,-1.6799507268704308,1.6901811214146563,1,0.18595763369997437
-0.5225392752375633,0.2738218314780645,0.30872890961747873,1,0.13902361072488906
-0.7320370668335974,-1.1905568898028174,1.1554817390301388,1,0.6497628335207524
0.9843397102280078,-0.5326293838121483,2.3141626867792198,1,0.21744103829914974
-0.41505929426616156,0.9081838859055889,1.7198447312154057,1,0.2884528546812705
0.43554270300183145,0.5661123364789903,0.22132120053669,1,0.01088826845668878
-0.31564754953493646,-1.2295674215491574,3.9740489165201716,1,0.2988425305753479
1.0830713699792216,-0.25147971850898043,1.2677229936807832,1,0.537390007734856
0.6009114717316026,-0.896045026496773,1.5522535444773844,1,0.4296366943011789
0.352662470349106,0.7220664236124327,0.7719331256570682,1,0.10399765427825382
0.3988591793511196,-2.0231842993354294,3.6799053379680067,1,0.7210676541809251
-0.7974750974427026,0.5524416273161494,0.45013944042071913,1,0.24897913410076894
-1.3395691767850169,-0.2971404992426866,8.431127633889217,1,0.6865820985864751
-0.9702729402579344,0.7160937634499734,1.73745378167963,1,0.7639379080009996
-0.32284629537642234,-0.8016521160910197,1.7797571609280607,1,0.9342635032449771
-0.05158218507542309,0.5104551315802047,0.6983052567996084,1,0.4787489800272826
0.7319453577237025,-1.3111496050047613,2.9288677135767465,1,1.4484243568369164
-0.28376503999862873,-1.7953748909890428,5.497287315136162,1,0.18214264846261885
-1.5732687071735572,-1.4732681063969655,4.460846752544924,1,4.267744704141422
0.20930178507874558,-1.0227811026507976,4.6154188828784415,1,0.0023381939628581584
-0.5577333194858838,0.08318109337195133,3.8102463916810567,1,0.19091820325130657
0.6213790437298522,-0.2753781641913175,2.286892180713885,1,1.0711455247088504
-0.0716828957337532,-0.05782972229620638,1.0410182333592883,1,0.16980236827544837
-1.8124573567028175,-0.05834520978136124,8.84724226988433,1,1.4299287533707337
-0.48337697141355174,0.7521061937334118,2.679918445689222,1,1.181782137802367
-2.3340444291523004,0.5740687890975323,0.530037973543648,1,0.44215605624119486
0.4181246868301376,0.629253889538999,0.5647812259839039,1,0.06771022983389453
0.5347953427146025,-1.524193914872696,4.241741233510445,1,0.9215416472480997
1.0085171769791583,-1.062831850630976,3.9796575791815725,1,1.7245694820198978
-1.2497374812388888,-1.5099158464297928,4.621011704923105,1,0.49827131640317485
-0.8729227992586427,-1.8370254920044686,31.117064201317465,1,0.8540831245021246
-0.05593652741077143,0.7264425112752572,1.451422357420586,1,1.0446538924994655
-0.879356049524362,-0.37962405964094426,0.40381517093426894,1,0.35473628224624704
0.4582046719230361,1.349088859049627,0.09203524222021009,1,0.05637401541748531
0.6844359385035972,-0.7102548784822833,0.8597226971936607,1,0.6027391428623199
0.006580565413953521,-0.5149471680181303,0.5283603149244678,1,0.06252066675831662
0.8691492747541519,-0.941921317440965,1.4852980143522019,1,0.6764425029119063
-0.26256671720795266,-2.0247393481513174,4.808564519496034,1,1.08745107086555
-1.0135007062212653,0.2779264637402532,1.2062398735254392,1,0.8097333701993926
1.2155547455329319,-2.077642295233967,0.2691007025928182,1,0.22724899730697823
-1.899492298847862,-0.08964868841068675,2.207345255238228,1,1.111262244565546
-1.6521596914110954,0.28860879658813626,5.12237470855062,1,3.3914470481577825
-0.08922491745729046,-0.2987693559149057,2.16868302404666,1,0.7508157286922664
0.15244692497442802,-2.6425203805148105,25.376701844322028,1,1.1812059726758903
-1.3863227307066954,2.443166778565459,0.6445067295583755,1,0.36723810592921363
2.029271975119734,-0.24632468035697241,1.3418542565082716,1,0.03708248001832544
-1.2066586078178712,-1.1623327004209338,13.949293875623447,1,0.5719973680553067
1.3122863279805461,-0.1358164738097723,1.651431870215923,1,1.088527681420018
0.4099395876717562,-0.08684612161087218,0.40035236133895247,1,0.12378368268537851
1.5971011030602766,-0.04132814584084411,0.7116936619915148,1,0.5348096057798036
0.8473884297057632,-0.340027831723459,0.6452719554527707,1,0.4015878063360824
-1.0766580796532068,-0.8687209276494277,5.289938107152056,1,0.047089947472815405
0.12846778580538815,-1.0323732332132125,1.0829080909405142,1,0.035529356202206236
-0.493566534600675,-0.5218069610668694,1.9482597576069973,1,0.3175763575234544
0.05951078797381309,-1.9582654369027244,4.68401598091436,1,0.08281012991892421
0.6055755160244083,-0.853571753707083,0.6126063395063324,1,0.10777862841478172
0.07822799368416072,-0.33728557522993075,0.29656345996183975,1,0.24890474940057886
-0.1914811759211267,-0.9059901824541581,2.036252237898655,1,0.8614009549350141
-1.8061077136934327,1.4192373641374576,2.4994564920627194,1,0.25475420655393083
-1.8673368581822465,-1.575307798125707,9.637191133100265,1,1.116964802383501
-0.24874084665783844,1.4445112280896655,0.4243284878278625,1,0.21824309128404182
0.255445226138263,1.2875687399593987,0.39807021385898067,1,0.2368387046150159
-1.2333709548503884,-1.5118625993991446,1.9755672939137807,1,1.1381819610973694
-0.5835107105088166,-1.3583352585213135,10.396406164483365,1,0.5908518533181122
-1.2637877315329762,-0.3552404767959952,2.9077087071368943,1,0.8963616790747093
-0.13576566140783367,-0.5694247923752901,2.164312431582347,1,0.10266973571943744
0.22010204253607984,-2.6683260652915206,11.50834563859943,1,0.34762160651457175
0.8041863532392519,0.49438713297714654,0.6050756014320305,1,0.4561090420245452
0.38555051249944555,1.2957865872099736,0.17633958678301956,1,0.1603398664502524
0.6204658455819745,-2.374708365219742,3.966292685757712,1,1.549275859055354
-0.8214184785230603,-0.843729142074993,1.3633440434781803,1,0.7906443792619262
-0.6242677478772191,-0.6147701445114544,8.283276504615554,1,1.5134468198026134
0.27887817321157077,-1.0663051829558303,2.5174499334612834,1,0.6905045491768597
-0.6521044251617402,-1.299037612903928,5.160419867594554,1,1.979046384795707
0.14389403033549333,1.0832098482452375,0.12509785148429578,1,0.0185135291701722
-0.40230650585617966,1.7111465470294054,0.441615489498504,1,0.09266531301472138
-0.8959322188291421,-1.708189153844325,13.431154359725582,1,1.4201477243939362
1.2392607977230141,1.4083992538243049,0.18373319393082316,1,0.15479255651569251
-0.13106370767136738,0.34055291169635815,0.44915682062381346,1,0.2643395559526867
1.1418558259342328,-0.33872007304895874,1.7209671979043188,1,0.4837198253304593
-0.4978210386539089,-0.021540555332078246,1.1198266301524689,1,0.8687147899475756
0.23563473229095983,-1.0115663911127257,2.1263564452316266,1,0.010042403724083934
-1.8936700279754526,0.28324077024833283,6.501401546421641,1,0.248510716234439
-1.5946188159487518,-0.6418655392689658,14.624554344899382,1,0.9910608817782051
-1.0144260740704245,-0.4140986799335693,2.2173292264663522,1,0.2521283236101542
0.5343101882521967,-2.451802814941144,2.8844869495884713,1,0.5214514579626134
0.16755621396465736,0.7624481265148202,0.7946865333675898,1,0.3138797643292678
-1.0963652245340387,-0.640790919279288,6.385144558544517,1,5.573148498102065
0.24552345815170326,-2.0295064150629374,5.7030605052421395,1,0.21387031383639174
-0.31257702453663094,-0.728859172233326,7.8853775048339,1,0.12055243322620562
1.4152443432360482,0.28645114393072446,0.5963545124073276,1,0.40835709817426624
-1.8961819757363885,-0.830307670476037,1.5818896714365875,1,0.31808745286299334
1.824199160820217,-0.7287507098874249,1.572706378793782,1,0.8314431281628487
0.6076691928979584,-0.2977491081670401,1.0507169437797093,1,0.18121849326214345
2.1099119331676746,-3.1701131568276617,2.1705649949497037,1,0.790773312188559
-0.16384638911623123,-0.17881198454047165,1.9159720001208644,1,1.3515344952942476
-1.5089976790582837,-0.5822115905039454,0.44171479479909126,1,0.04414883867584968
-1.4166520410668177,0.30687233624964927,0.9958319983239406,1,0.8269058177300384
-0.9822286103823163,0.04424119992292034,4.889811638948853,1,4.459029313875851
-0.2930831310216295,-1.2220049266490454,2.4975510719909426,1,0.486231223145151
-0.29851438944817216,0.4271272673811807,0.5824763158377131,1,0.5201424633836084
0.7004248453940611,0.4523905910355978,0.5219243914328439,1,0.16748317624580009
-0.5713093215772246,0.5559124067039113,0.5229451298597192,1,0.34459331485084593
-0.0036177385572538643,0.492313089956529,1.00849040841904,1,0.18337996530770892
-2.273028170054214,0.8074135246727276,2.6817269041321494,1,0.19173373822762202
-1.2340595436283586,-0.12518214161338106,7.452283365395569,1,0.2541160606547824
-1.645668412124625,-0.25627102870632745,0.952317099344259,1,0.370416721020669
-0.4362039825560244,-1.117840043195511,9.152809950302386,1,2.087644794278039
-0.3970546628482402,-0.2594148860750744,0.5542029469745829,1,0.012557860844202193
-2.9195024422680476,0.8239587838607672,2.786182212864604,1,0.2943536886274449
-1.4737872329497324,-2.2803126996671095,80,0,2.927840394287073
1.107828985590571,-1.1142934745578792,1.60593977718602,1,0.8686082527031691
-0.09792301705486062,-2.411741401390108,12.024807086891363,1,0.1514794947115154
-0.5945613825630621,0.5444880760369192,0.8207724844119246,1,0.3086022374759735
-0.3044460141874533,0.16693724442809543,0.5733083710782051,1,0.33288604334340083
1.111653165731379,-0.43391342025103147,1.0447662956075467,1,0.34532094452923323
-0.2736458526726234,-0.4874736966675247,0.42558630547905874,1,0.42153349674798235
0.5694651594691684,-0.7380759851173945,5.924377208789646,1,0.8895729416405582
-0.5408603460536858,-0.10898152834532407,1.494894003044867,1,1.4450731704661586
-1.3594435512281313,-0.8897220554746588,0.10932058622326081,1,0.02432261303144306
-0.8466145594996958,-0.6347116478436532,2.369727313245868,1,0.2643826011079703
0.3422165668410931,-0.9403881840223709,2.1747587466375906,1,1.0238326248720644
-1.6140778015672346,-0.9515726683831653,7.664747674951403,1,1.2453562086927783
-0.12221222181640073,0.6757556169265986,0.2754967987252716,1,0.2708256574483581
0.951555017807675,0.3960862816195347,0.6761107053089048,1,0.42831073689880306
-1.162916037943004,0.007797663328772159,0.9257032377071918,1,0.5848924370334099
0.43350145422090064,-0.8016489749786921,2.113472915290357,1,0.6015902506191115
0.09635480636180353,-1.5601917068183677,2.7648410418319904,1,0.5963158770287537
-0.34061860105963354,-2.451995764261781,15.225506440489522,1,2.4637900419401517
-0.19221504393741567,-0.9358224928945562,3.542863908910152,1,0.009905928379914927
0.7635188068964205,-2.086699236239533,19.063201131143476,1,5.252625961853366
-1.1253604154834296,-0.7568998377563912,6.2908787736042315,1,0.30703506212622583
-1.1763594841701674,-0.88646753705891,7.098406524939095,1,2.9891657037462682
-1.5561410693333408,-0.6014525663002522,13.029483853309992,1,2.14526354869298
0.02130328264241168,-1.267195075351697,1.85518968043886,1,1.2030031706300321
-0.17351326879455217,-0.06572968034846963,0.460692162658638,1,0.33628968409427645
0.07180999881926728,-0.049497703517700053,1.2873085886976479,1,0.5341637046408346
0.5158917059231406,0.6459682895398933,1.485848850856452,1,0.7166538107356724
-2.0342801539296094,1.1030685722041522,0.18293647363466212,1,0.04450281889230462
-0.9240193895938449,-1.5988248781192356,11.414833865626088,1,0.560713670954109
-0.713264770096636,-0.07736661051341094,6.47700806494079,1,0.7615675948105516
-1.0680155331008354,-2.2238293773599556,35.57709176407715,1,0.2508709247498576
-0.3671753162907312,-1.121847917817944,3.69155055379693,1,0.4177204894978739
-1.422859665985479,-1.1481333737150348,7.8296257299103935,1,2.2021692041455934
-1.8230759168421877,0.11108645318787545,0.48198802322775625,1,0.23237172473775605
-0.6411624283403025,-0.8579645440278693,2.560663196506692,1,0.9382769554968595
0.5219842654195713,0.25676915962588615,1.2446853519983352,1,0.28601781415174965
-0.8703123453511292,-0.15573087904613656,0.9148569674999597,1,0.7710699477016812
-0.3471181809885104,-2.010658988292709,19.59403476033875,1,0.3501349766286383
1.6554989208123374,-0.29389887603631554,0.9839422646687428,1,0.8127163363390993
-1.6746527835785996,-2.6747378576856486,6.448496702839502,1,0.6728360712438487
-1.452223768376528,-0.083661208365284,6.390974424540397,1,0.0806847491549678
-0.5495838975095549,-1.6825540090797386,3.187240804936481,1,1.9585860274710218
0.9208048130277605,-0.8567929450446936,2.912283705850392,1,1.9015710045449123
0.8211491156914733,-1.1941812853450284,1.7996189194863248,1,1.492430873367346
-0.25599579618805834,-0.3233624639494654,4.7849043772551365,1,2.2707084720746145
-0.5525653610799032,-0.37635282682814714,2.1008565186170873,1,0.27071875082554514
0.26988716023072423,-1.6096642189312895,10.292815810642328,1,1.075368450175291
0.2499307918411205,-0.9092209701152809,4.191747542680665,1,0.9307598323726982
-0.4050295994039922,0.8683554366370437,0.5074318355344148,1,0.11916322852862153
-1.8277403957424654,-0.3712473916166513,7.669925485594404,1,0.13062383152086057
-0.17703163044666054,-0.2613472566074064,0.3762107193549272,1,0.02640988645463551
-0.3591441714977132,-0.9562313983742095,1.8486384642782308,1,0.362972250628306
-1.8616094943793027,-0.7759260395744664,13.660746254332931,1,0.27417771620137965
-1.782397172312346,0.698598316062419,5.041615730751995,1,0.5856577560484726
-0.9352001930702818,0.7374225263860354,0.3433237735444861,1,0.29752862261777385
-1.022302640571673,-0.36004432556488897,6.255267952191173,1,0.12269289193387188
-1.76434003749215,0.6228273158389268,3.6462490898248894,1,0.6211326087153305
0.697152529097707,1.0111949979909052,0.31202319004521045,1,0.1745314455528337
-0.7098198932554698,-0.5542578875249998,2.7815116129231634,1,1.3806421679375627
-1.2642059251359068,0.5004036732388754,1.451411543511834,1,1.4362236316259822
0.37652723066294125,-0.5782992039302339,0.9607122634739703,1,0.5358159941942178
-0.538132867585385,0.650079183755126,0.720064296547679,1,0.15638434631390696
0.5406299263072384,-1.2204348180642373,4.393647252388675,1,0.9464525368959411
-0.7394747727680328,-0.8931735705420445,1.1020548370191017,1,0.09780466898084035
1.0198978165194137,-0.046358873662290995,0.5123585816382107,1,0.22208420333273693
-0.6708447383868221,0.060849844050091736,1.7555933929239196,1,0.1239167512476517
-1.768089740640712,-2.053818757811738,16.611141688761304,1,0.4532602997388738
-0.9988706696687215,-2.126853438755589,8.828297696893431,1,0.3930736696958481
-0.07346233485132289,-0.40371353295214357,3.1221515033514513,1,0.17239415076447367
-1.1940772494498426,-1.6703774238397258,5.819005605142396,1,0.25697646357605036
-0.7825042516611906,0.20768712086389074,1.6267287947197646,1,1.0483561158547094
-0.6102269225422475,-1.3532856079570588,6.275166911787454,1,1.3741032154113955
0.7248180448646199,0.15468996747811622,0.9152909176588019,1,0.8779774737478271
-0.5930070307174896,1.9015561357291384,0.3494272545869119,1,0.17007787339374475
-0.08519711504855633,-2.4494521215586533,22.016251190426456,1,3.3310180238980633
0.9321850119788322,0.8672311520135213,0.18845675971939613,1,0.09471769993591143
0.5521536988735183,-1.7489942908024434,10.058075761395758,1,0.07052209701555315
-0.6218270985986862,-1.418404202014191,4.1439601321295,1,3.6017451725632865
-0.10691250840369285,0.006038280869993893,0.26335275646337436,1,0.17438888459734572
-2.105280042477432,0.6029772601656757,1.9403427429101638,1,1.0433062415839915
0.8443904193638407,-0.9363954064525394,2.51939891380015,1,1.4093170083569078
-1.1415292095816807,-1.5290464179947827,7.678260374202367,1,0.9766218964858647
0.49722613468209825,0.6517263827565906,0.3761145564816565,1,0.10566709459748709
-0.5146315873162436,-0.7536550729322007,4.05493519256874,1,3.5087914751645934
-1.9938897635909385,-0.12855039654199799,24.55240734099209,1,1.62847792776163
0.1038306058030285,0.1354876606996253,1.1738398789581448,1,0.06345298918759483
0.36003359250300243,-1.09297289901255,2.7659068235268247,1,0.06242886793496403
0.34178296344776504,1.1464636430985078,0.2610730704239259,1,0.14806153201270314
-2.6962754246745044,0.419436290208916,0.49301443132025125,1,0.17292756872803403
-0.27231978290766745,0.6835384488942755,1.6469841325896357,1,1.1651763005750342
-3.4544012116092118,-0.5000625756382427,8.988165357746649,1,0.5747447352018555
0.24316111564785745,0.18168015461567055,0.8936688674625293,1,0.4399356626887167
0.5927005560613092,0.6389520386872589,0.14279180874110617,1,0.09630142703854565
-0.9749504599780169,-0.658471650438503,1.052590363665784,1,0.5908586013480439
-1.773332207288119,-0.7411657173777804,1.0943819721005659,1,0.9431871163797219
-0.22441939402260286,-0.5461445225451874,3.4173393617326964,1,0.2832663567278892
0.976615061350742,1.5132607442287722,0.10598503138970901,1,0.06143189555877963
-0.32799180479684914,-1.261042214165441,2.5714252533831954,1,0.29260951264771795
-0.603181152382093,-1.886879263225449,7.2637089290956816,1,0.3390509228831221
-0.578421606840192,-0.0032051156627915817,1.2937003366143833,1,0.38762167584882007
-0.594892021823151,-0.9480794515510557,33.64212556055651,1,0.08390736712826673
-0.4320893815815195,-1.6665009965474051,6.095647297067986,1,1.6008699485423645
-1.5649933420641229,-0.3016956777241928,11.965158298542812,1,0.8595655333989296
-0.8184213269678835,1.3182124419359151,0.3239682886982444,1,0.10814117472513635
-1.3109939796657466,1.1375366864550007,0.7398293421421597,1,0.6010170305480161
-0.7359751380781184,-0.46068593974031335,5.5490722701952775,1,0.9645142712057849
-0.4477422817965295,1.6223278775409453,0.15247910450298388,1,0.15019421557407997
0.4995626732881815,-0.25302513186776304,1.1405964928253398,1,0.554349803504855
-1.5951661178201757,-1.2563018488116116,8.410641187140039,1,0.3915316560407141
-1.6516977867366154,-0.2863574198367766,6.1943487747561905,1,0.7413586436785052
1.5984800443946159,0.23404992109423062,0.4274838710251707,1,0.2851360908010318
0.21711143753079193,-1.9342289735736642,5.321367390061895,1,3.3348746223072374
-0.8299176818238475,1.3285602196588402,0.38121080614672265,1,0.03895833991852909
-0.6174223709241045,1.157933433689137,0.623042084648147,1,0.4770015863614037
-0.3830479049025365,-0.44002987196477894,1.0323862276787854,1,0.8798672433073974
-1.2436387028363345,-1.1594914739759263,2.9423633958178512,1,0.5051650716635272
-0.5940931474533464,-1.6323972469513401,8.84811881088125,1,3.700362784149546
-0.022097106299798268,-0.9046486034269704,4.4253474877454835,1,0.48922059730571793
-0.2472862900971273,0.43553809823823786,0.14932088492381212,1,0.11693014319620851
-0.42369893437634265,-0.7976043719137804,1.3147963040474149,1,1.0207706165222372
-0.09297723959108288,-0.08553667428913671,2.109067031284133,1,0.8812167627721292
1.4951335744671475,-2.0639907557794297,3.1410654468348356,1,0.19815767132631418
-0.14306547683859835,-2.707138086720307,11.480163618123091,1,2.146518738228598
0.910950319809151,-1.3596551275614923,1.6828005342742296,1,0.8090153240999884
0.2572145563523821,-0.9149697546277145,0.7825652530634046,1,0.31377818348532793
0.8144846480323797,0.4364418526346658,0.6582764761645382,1,0.09365677054733561
-2.3320624869063207,0.38528360973150083,3.6191693856091565,1,1.823620517045123
-0.802935424428179,-1.4841408481707918,7.625810379469625,1,0.12786034625526613
1.1840607915140626,-0.1626553676158801,0.5205465472743216,1,0.11527683255270688
0.08713771388845681,0.9773960241781249,0.5252686714479835,1,0.0926921723223306
-1.5207318264118586,-1.0309335395449084,1.6294499377385838,1,1.1484280298163252
0.30025019080002174,-1.1260063505715086,1.441859400252159,1,0.12271150456698897
-1.2432828254310437,-0.8048347597355354,0.5845976450551496,1,0.1765738992912688
0.4164992863023772,0.8014996192028131,0.9385323180118667,1,0.20758719924245295
1.2034240770145674,-1.3636253270064986,11.094724228937784,1,0.03164324933654919
-0.30705819304308574,-0.16644036762376896,1.8735690480481355,1,0.30694058009288794
-0.8055364417527763,-1.386191110790175,16.729261016245417,1,0.6632548716049276
1.2526195031015062,-0.5184609338017798,0.40506560477954157,1,0.12218558916335068
-0.5191479779022318,-0.8116735778285534,0.12711395023799305,1,0.008556558978997196
-0.34719288544664967,-1.2015112770482335,2.259161039913153,1,1.9337665953709722
-0.339713709348836,-0.37595815356875917,2.3783603565835993,1,0.7461976958508659
0.8653174412099286,-1.3808860094048083,2.9424589596421717,1,2.211754019843249
-0.15110527272762023,0.7601233658503799,0.3052798284726181,1,0.21769579592920638
1.7374190830325007,-1.859992391971839,0.2586562882128548,1,0.1008023057767813
-0.419143820322995,-1.2829851791567983,1.156746953532431,1,0.09141297566847363
-1.092184515353612,0.2494716569140336,0.38968182950785524,1,0.032920524374737276
-1.6118711902359466,-0.3020868509022968,5.909570418489597,1,0.22371965835775665
-0.23548471573999175,0.6438821185617908,4.072490331294182,1,2.00347253035526
-0.13273571706675302,0.28111900911766863,1.1427715996519727,1,0.5485152742399083
-0.4452897760786384,-1.189386666970996,9.831189111335034,1,0.7255009289372342
-0.3013427573062603,0.5324620835540274,0.30210264512822876,1,0.28504496912788513
0.4147554655270163,-0.3128143838633277,1.3098047506203665,1,1.0074835032267648
2.056463047291682,-1.6918341092951097,0.9961749440423182,1,0.061280505776675945
-1.1940023816879657,-0.7428272297672603,20.32132956981945,1,5.082041617186978
1.7323022422594918,-0.2004232639459677,0.268402354505661,1,0.15151905081742292
0.7239933058323352,0.41411526879611316,0.05667820115895959,1,0.014642266659431436
-1.4846896771196678,-0.2137530345421981,2.689225336165989,1,0.5441595009244564
0.17842211617827766,1.1347154779233777,0.19706239577547305,1,0.007502710685919637
-0.9967567385138283,-0.35848764175583914,2.334645690532802,1,0.8258953825644075
-0.6111121933255246,-0.06491229999128836,1.8703534846236332,1,0.04150396696841636
-1.5177513038445323,-1.9526421770605835,7.096554991602727,1,1.0339143302477218
0.817911288540846,0.11447724702669874,1.4455753685264967,1,0.223232842631092
-0.3760870187820043,0.562773138382918,0.3971606368514662,1,0.33364672757491703
0.9826923939073702,0.8736202696291503,0.24335165117303,1,0.21922469185730006
0.16573486462807027,-0.9467685007939922,2.4098456676752327,1,0.11957220764702002
-0.72703873395416,-1.1715763207013314,3.301209663537715,1,0.7841686184093051
0.2873716034170217,-1.8031659957029087,8.732942493467364,1,1.8992313881721197
0.21619681319676107,-1.0010473413651289,2.2300843200701364,1,1.9385489500745017
-0.8073233205810952,-0.6904090498460312,5.214853008460085,1,1.316320707499128
-0.9196796576727141,-1.2913913963952206,15.503533874336716,1,1.452436799014576
0.3388593828972542,-0.5071863921047732,4.438461253250263,1,0.508571587407444
0.40527248247749675,-1.4512065151124742,1.5751861093465855,1,0.7450555352509212
-1.5364700250251646,-0.03765563537251823,5.9554977448158954,1,0.3911138818698024
-0.4604956848238223,-1.2821389569092485,0.10445996328851,1,0.06810092732987194
0.1548542213760435,0.14502268003007618,0.49924571161392534,1,0.4916302022708247
-0.1964065014114125,0.4872662980124839,0.09832860592649986,1,0.059265033340505445
0.15238895401791572,-0.110692133334599,0.39103821690584784,1,0.24685901218931178
-0.3014666515226062,0.5303885401879558,0.9130558101837889,1,0.2115730471686876
-0.3272264995827237,0.9723204420995336,0.9756958914804013,1,0.8291303293741611
0.9489021142645966,-0.1804734070667491,0.6976724789028285,1,0.2315562298273599
-0.14075215601288274,-0.45519829035684284,0.3584441676708793,1,0.016563884691692565
0.22088971482702663,0.15364813905818664,0.9031454124528427,1,0.6317420260623415
0.09004890758460304,0.9326744077522368,0.28347978390184686,1,0.11558150999918858
-0.8008829206685841,-0.1725063429422866,3.0749227793149134,1,0.14414367361741753
0.321817319879234,-1.084749384300677,2.327357913890569,1,1.2348329831763276
-1.1483716119302294,-0.7858682335733475,3.5386095445903307,1,1.237044375672692
-0.9962501830911269,0.30853054583721995,2.4463532526134677,1,1.8059996116373018
-1.070097093595404,-1.2121966142528624,3.0394518812979707,1,0.16725733846310784
-0.5777615749412248,-2.6597273664904337,14.642807593521256,1,0.36057760191792293
-0.9463592112179254,-0.7324336167845701,9.962784396215207,1,0.8359305090754222
0.14853913235571353,-0.478879342149163,1.610357406620732,1,0.25661564596400777
-1.8391764382210058,-0.30797997102912616,6.985937986448179,1,0.7647004904424862
-0.14234431774091683,-1.016712073761562,3.336687018989007,1,0.7454260856661787
-0.4755668879121356,-1.3767342671463902,6.776006225131574,1,0.28164670864895497
-1.7135325804299972,-0.4575761173258031,1.7129291124886838,1,0.03454796323678378
0.3244728579473405,-0.07472357749587796,0.4035899307768697,1,3.8146822467834693e-4
-1.381557059227106,-1.921653572979391,6.555182171090329,1,2.6825736445466166
-0.6292058878326721,0.9974941655641456,1.1622475372336576,1,1.0587044724373895
-1.0914355074895195,-1.672747164888915,7.356929795790573,1,0.2787504998653838
0.07035496045174766,-1.9718381470717843,17.265333517855066,1,1.3739388434008366
-0.4816521909403895,-0.8808035449073182,3.7200558897026936,1,0.5958266277478206
-0.3493874651907218,0.18659601912313256,4.111725716406897,1,1.2770639591522457
-0.5191143499164802,0.36496792382450927,0.9069337001651899,1,0.7666980246308124
-0.36519951329009837,-0.7819563830929035,2.903798206724175,1,0.5609152905419656
0.13345278186086842,-0.48255824174409895,1.2006898602033573,1,0.16071202162607268
1.4093325545852446,-1.5862584777009574,4.113257201650158,1,2.9547474029705816
-2.157959737895456,-1.407744344004046,7.26732879394208,1,0.8645553577411226
0.693974615832533,-1.4367691095844881,4.413185129424027,1,1.4056441709071883
-0.19938000599530992,0.35919648325518616,0.5772327766085811,1,0.05040056580670934
-0.17062847498294273,-0.4472616178133645,3.783642028997713,1,0.9588127148751476
2.4522401683927604,0.6212551065266535,0.210805421821986,1,0.08119819009497085
-0.9486970628726715,-0.46348838477680376,1.35337719709704,1,0.7389495487409554
-1.8479767364117414,-0.20589214014483262,6.979844155500322,1,2.5909163239924764
1.060185854068326,-1.0483600848191241,4.521535276511828,1,0.226135353039896
-0.08886458391195817,-0.1188126064825248,1.4160103899895922,1,0.26286152884636615
0.13061448225384092,0.010726874253220756,1.0326192653238004,1,0.8013637555740389
-1.2003575687475936,0.18375425839268927,8.296516014291354,1,0.1481116680070155
-0.6274127607149028,-1.5903425129329551,10.08066895024637,1,1.567469014570207
0.48259611857773044,-0.47123724363904823,1.6758379170804467,1,1.6650289560149636
-1.1973877848056567,0.9151853096786052,0.9389300216799011,1,0.8091797997097729
0.6996106940846509,-1.6858615484248132,6.505059197222471,1,0.4189551338308194
0.01828022779168271,-1.7259242118656584,5.515986622362016,1,0.7495959185137945
0.5638917583493047,-0.044219795433085934,1.4957464585787834,1,1.0527009845365125
0.028344264359242602,-0.7120810243822572,7.414500600985711,1,0.6541712197146584
1.6636371203018383,-0.14803338570274777,0.27462244283947806,1,0.039569559362060705
-0.07486256627754131,-0.7749864418185375,1.8291895776567453,1,9.380830123593505e-4
-1.1989459957205486,0.36990580732536027,1.387644933436702,1,1.2259340340635336
-0.7390631061524794,0.3412625366587014,4.834200590344025,1,1.171740119305845
-0.6934565317481144,0.11272275973920305,1.3995658570460885,1,0.9926281248238548
-2.030332422793977,0.4551388083032095,10.059056442347208,1,1.3673895981932371
-0.3116706539952373,1.5488951734041234,0.592684779080433,1,0.17879048982337992
-0.47324954288151844,-1.477851764624375,1.825505659224209,1,1.547258570019038
-0.6832200913673429,-1.2749212327451085,7.215469864909548,1,0.9927261187309031
-0.5681416361588354,-0.7062591012432762,0.7516237966939846,1,0.14455532645059951
-0.11427438867498152,-0.3276346592977482,1.4364965659311972,1,1.21750159831991
-0.29142710339724226,-0.8498649505255743,8.433285413752023,1,1.2122702122037639
0.667051597912843,-0.42348001428823756,0.8302597896717545,1,0.5336034924833633
0.15842127136562176,-0.1097311118037461,0.47060698598879686,1,0.1271994077665394
-0.8281409480486247,0.24476580340478007,4.635325670757905,1,0.051930426402947434
-0.4384677421889093,0.5110672353003286,1.6022387649979577,1,0.8554206489257928
0.6724877001658819,-0.1363209310305278,1.7706153996582923,1,1.37265068219575
1.29655539623079,0.3216900086264463,0.3897365091069057,1,0.049689171608638935
-1.5473513853533434,1.6316731616316738,0.5975663615735363,1,0.12846885684710715
-0.8433115840041046,0.8295254926564218,1.5729145908021314,1,0.5745128494276938
-0.6816808476890769,0.04091897354250151,1.2828121926815828,1,0.7022790400595695
-2.090107241211645,-1.7550809870796265,33.809698844564565,1,0.9551329050181835
0.49135015516795416,0.18269976395160664,0.3481797574450281,1,0.1374386244253644
-0.17796528871838857,1.274783849342483,0.2945788588310043,1,0.24065763262155426
-0.22613272569119913,-0.0755930555015505,1.898903461426763,1,1.0090580134484528
-0.933254522334294,-0.2084252315379381,5.47086709396403,1,1.1637726893743061
-1.1219438378149262,-1.2335896160806097,7.460675513290077,1,0.27637491936282443
-0.5743921486870276,-0.3945623303604975,1.3006203962092975,1,0.9641709279033399
-0.8045764325358029,-1.800584041168174,0.8860185746233937,1,0.2117788925608071
-1.2451610378650546,-0.716909038057047,1.1686304832678958,1,0.7539939774581497
-0.5102209544590841,-0.7710969548157862,6.736528091360073,1,0.6645886520026637
0.38886771913394297,-0.702020559644958,1.3256595314603392,1,0.5046172378186828
-1.8212904244136878,0.5438791677509817,0.21771167160667632,1,0.21473911662703055
-0.33188334181895995,-1.045846553318581,1.9564847873751294,1,1.5091582255610003
-0.09533537570626752,-0.10084914951817832,1.0611233561756948,1,0.3704885405097041
-0.8980920125246641,-0.5506274263261298,2.6659157064611123,1,0.13747671018522004
0.7801938988766693,1.06761909357162,0.46360071205263853,1,0.0765756355570779
0.3242597254338629,-0.8149137983645777,3.2360513724005986,1,1.7188785691579376
0.30214550704140286,0.19882977963027929,0.9419504815557432,1,0.08396023354293092
0.14241846484028783,0.08451204146882746,1.6590761856291936,1,0.906154045443111
-0.761897660645189,-0.300409950819644,1.4126156732320816,1,0.21112621025866551
-1.4404360692889535,-0.139011493239371,4.150107069717669,1,1.3763178179481237
-0.9944577733511971,-0.005019599202835118,7.842505080216934,1,2.8052012854235024
0.35506720713353795,-1.5643204693620485,5.942209261825732,1,0.7654459881437913
-2.1479501572095243,-0.6036166428908525,2.8560016509635973,1,0.06112219981869775
-0.012045669791164282,0.46146768552332434,1.5846011681667833,1,1.5650689774168736
-1.290301678234587,-2.203036893566867,4.647994904285414,1,3.7326471579434783
0.09767358049621067,-0.584577135137372,2.2705311382416786,1,0.5068229108771984
0.20163974767392465,0.6580992318422334,1.222434319812147,1,0.7980115755157264
-0.020456350404335136,-0.5356684700438992,0.4999790386200264,1,0.25378992848015935
-1.0541329467194092,-3.0438596172965147,23.39041857420449,1,1.191549405211574
-0.899623315215369,-0.8964171603094853,3.0288428995866,1,1.0795209485499029
0.2904969964390443,-1.6706005289480335,1.6396296993751027,1,1.5966150859293424
-0.2192393240737061,0.08682303279802839,2.213618311776773,1,0.23888523691795815
1.575651400229738,-2.4366363239899593,4.663450158964501,1,1.8064670039838133
1.325091418624905,0.6713475839514025,0.9996601948962491,1,0.9093567561468363
0.7736220444988827,-1.1010716184176745,0.9791838433027634,1,0.6311195712636803
0.2558364189065078,-0.18506334106516162,0.9665386277556999,1,0.006318122133404251
0.11910519405101744,-0.636115684080669,1.770310014111364,1,0.5148132908086579
0.39303868524471336,0.09504012335969618,1.2905370829710148,1,0.4731072402790161
-0.6382847020910706,0.48108083478523944,0.1817832214506111,1,0.08201690682281537
-0.4357096816896805,-1.4052333007842326,1.538060992818849,1,0.5716921814373117
0.24155006024747255,-0.7794218724235488,1.6032118538536215,1,0.12037499025432415
-0.531527433637815,0.5492625223411821,3.2523855154949155,1,1.8170079052278336
-0.4111767810956679,-0.27628679307410214,1.3497832373048053,1,0.65750916608314
-0.09600964929150858,-1.7742711770742465,4.181698952714469,1,1.4890872104436554
-0.3755997933882723,-0.3398535837501966,3.322455142819845,1,0.2082338553231124
-0.5296035969306044,-0.4206324845843108,8.564684997217944,1,1.5777260786402219
-0.11459521377735667,-1.693289320948764,13.649157876226555,1,0.07394004447593726
0.030292345774229405,-1.4002586371131143,3.7857212038529844,1,0.8072357161888362
-0.01601328092897191,-0.368157200835851,1.1017805210664522,1,0.35850228522661587
-0.6694668425840811,-0.32055949509810067,3.183408604155307,1,0.7106854486411102
-0.7675443752684652,0.595362432718229,1.6917718739707488,1,1.346632341308449
-0.055136565583771995,-0.9521652184849604,1.9845997664769113,1,1.0139394001506306
-1.5291549608596104,-0.0764857255985359,1.3663928447445113,1,0.8489090864806637
-2.329075611624641,0.47394443276928305,6.148751713343148,1,3.969572671490431
-2.145297220154045,0.3264163785642545,4.445880467824382,1,2.4610680852721227
-0.48380542704688717,1.4210891375692831,0.8336722684802642,1,0.13569121461873088
0.28051544669543865,0.8473088273311501,0.7070397674513959,1,0.2579501135130529
0.5221999052292368,-0.5957088280488932,1.3038501038369572,1,1.1315914976690247
-2.1992465557897574,-0.12452024746117604,6.008586342423773,1,0.17846653018603953
-0.23452768730320364,-0.05448544604718494,1.5506170985300327,1,0.0014930047209898991
-0.77132468750969,-1.3333876133205451,3.414892388897671,1,1.7838320167212482
-0.07077757937181509,0.06733682849925593,0.3011548784836733,1,0.20429762144974606
-0.28502864622482643,-0.6919520862748645,1.4105228861156365,1,0.6023665192058119
-0.5049359207708424,-1.2351124066751702,4.8170198886647775,1,3.0647368738525302
0.27211970407602265,-0.247690882086964,2.4830882733784057,1,0.0024581817822395186
-1.445516974106511,1.334848358256676,0.2510814399412201,1,0.05864084417689043
1.2492632230035992,-1.1097360119079882,1.3650393163738683,1,0.4449882749055543
0.6923391857747964,-0.1257620442630625,0.5798189920488235,1,0.4947668163654891
0.14517563719263776,0.04525088084393495,1.4432748032870333,1,0.39109460721529327
0.2257678973639806,0.7646871293285855,0.5017958525052674,1,0.32718920912974936
0.1650172098142025,-0.84183310466621,7.21972484258364,1,0.4718542723737791
-0.5757150204991052,-0.09630716306065452,1.3860490628640596,1,0.009841901459575244
0.11208337117445466,0.1736815289710751,1.2311457319082646,1,1.0657590654672038
0.2947230255541271,-0.22862194740439065,1.0346515505759437,1,0.38628162124078097
-0.20634003057988284,-0.5307205766351545,1.1608349726852192,1,0.6517643001165823
1.0847288277427312,0.4306273833100912,0.17229349607578268,1,0.13943889871051365
-0.19422738066971518,-0.19336851785543685,2.3998982538890745,1,2.279365782473137
-1.4156138241277512,0.43709721098772575,1.6688349530813913,1,0.21153652587371585
-0.2818413065505557,-1.1319520171028115,0.5623273771343819,1,0.4903165296694687
-1.331751079445709,0.16257841001296647,4.246598686870806,1,0.03392051551657308
0.2249532106192212,0.25522091128383717,0.16177654194262386,1,0.09917954648675402
-1.4179077181983215,-0.32130601729817,1.6704223890835344,1,0.3361985895678143
0.8737475117904396,-1.245062231619024,1.1211456632752443,1,0.3655538533729336
0.338767558677699,-2.0384543341040127,5.449785995963509,1,0.9229844914096401
-0.4046035522368284,-0.09036536436104144,1.7498589743720883,1,0.21028565336768748
-1.6733456865467327,-0.8617765604991647,9.26778362810488,1,1.3540102061631212
0.219869304646916,-0.27606730292801895,3.627703647528755,1,0.16819539917882126
0.18189872443221006,-1.3768295754713902,2.196747433126505,1,0.9878804472070591
0.1980217154827691,-1.4906591813011505,1.630652636340824,1,0.06529144571249412
0.10425584796815482,-1.396930797773359,0.8505660871729378,1,0.21919637622173307
-1.5546402812102653,-0.8063982975609263,4.9961868027082526,1,1.2877248069542364
-1.3079172870205813,1.5605069235452396,0.5176525973090768,1,0.028306649979767975
0.12838028021082476,-1.1485779741940303,3.3479135842888725,1,0.3563369089060002
-0.5206407228088009,-0.7828321934979845,5.27027967257006,1,2.7715273955852915
0.26280972100203454,0.19705654549004215,1.0138296505024524,1,0.4343091468989631
0.6525463647990232,-0.2524220731962386,0.3915920947587798,1,0.19394708387789195
-1.521253175195746,-1.7917024248003093,47.375275418287615,1,3.329954741508313
-0.7668794762975968,-0.8243558297345235,2.208462526175661,1,0.972954933180372
0.11851690043627436,-0.07777455364536288,2.475443412577427,1,0.4612630797898327
0.3472850674746801,-0.15219699318498814,0.07148331523335145,1,0.0398500997757369
-1.403577302641277,1.0261674769355547,2.5157731834401904,1,2.1264047380052578
0.3890777812221498,-1.1425710795062227,5.207500692792267,1,0.8786616151754248
1.0797710875381203,-0.8929131503374551,2.9454541463198654,1,1.2590127254994676
-0.21311846504063786,-0.11323272500312222,3.1189874502286408,1,2.3599374653875103
-1.2387822059333589,-0.49029212917970516,3.54612577495462,1,1.7690189197874229
-1.4209346995302734,-0.8180531695261123,8.807536518129925,1,1.3361302655493974
-0.5535016602637097,-0.5820942965250668,4.440037148571104,1,1.5741681676309363
-0.18263140998450572,0.5414711932358346,0.2961839634259872,1,0.26277345125311224
0.21731226095562595,0.41533157903701917,0.3091279506570133,1,0.12772209147315636
0.9563329541256754,-0.07599380814661541,1.0988305637590001,1,0.7278515401088684
0.9122195718352418,0.520163356632947,0.35881614200239265,1,0.022680631892730323
-0.0062997584463524055,0.06823826092641491,1.6122186701245853,1,1.2817844536082912
-0.8469432831215372,0.40243106344121987,0.9829943032403402,1,0.2089625067345381
-0.1427176847082177,0.7356627675848395,0.26696264844263895,1,0.09350013378848027
0.2802621566298455,0.09339448524257797,1.4671194823896716,1,0.026565109523066704
-0.73990953630186,-1.455616624969897,6.041418835756374,1,0.69961830462616
1.8209670467112578,-0.0933828602640692,0.11747058525424417,1,0.002044534137998223
0.5377623092670121,-0.5793764027518562,0.13407842761764868,1,0.01894990687588168
0.07169900138861958,-0.3142465631048615,1.0464748688492977,1,0.15113907151332925
1.4449522647824011,-0.8164766727195557,4.293735765593545,1,0.1254962422538654
0.7228201428173312,0.986280654477677,0.32273949725325496,1,0.18921177802792408
-1.1574846265228986,0.18439043705800942,3.0675743958011763,1,1.567643004421652
-1.1654703419945358,-1.0465859762000014,17.46455198310769,1,3.524564217418667
0.49717278180236296,-1.8419999132030203,3.239970853291295,1,0.37134055614205436
-0.16454034788480884,-2.088093365943402,21.588506488180105,1,0.05585737162620053
1.5792471669805401,0.8068997205469337,0.13723841539730267,1,0.00683558029384148
0.3982612235370779,0.12448726945885807,1.3368103682250585,1,0.506971836194404
-1.0196260114720568,-0.08845593672015528,0.2572705112019736,1,0.06642729661186711
-1.505307058943911,-0.7356955776828652,2.7884950988159862,1,0.22133530703646384
0.6521889697135342,-0.31314908067089064,0.6517092969739217,1,0.6067129406882861
0.26974612211889243,-1.4808499363894096,3.05475558284551,1,0.03962281052902163
-0.5243977274438782,-1.26295688794936,6.552747225542719,1,0.452718194673204
-1.1728818691190261,0.5803323579865015,1.4576404377026386,1,0.6141477240824794
0.2709943868716459,-0.5381018527882078,0.32421609121560563,1,0.07062540823124695
0.9594771880461042,-1.0892101986306133,0.41569529224175794,1,0.0214155624538611
-1.0371354499461423,0.1328119234471458,4.249955781864541,1,0.10668537657471391
-0.5990188459328113,-1.4481224411741296,15.018115579463796,1,3.573301818045413
-0.6239454589508796,-1.2367884309908717,10.46917150054361,1,0.00786376041813964
0.3472645750570904,-1.2088784189201074,4.9999976550753145,1,0.7798004223222333
0.1716769160975189,-1.3425459204133825,5.961096518395569,1,1.000113627262266
-0.563607318520017,-0.798204100938999,0.97852044767564506,1,0.0365088449283686
-0.5465952394712572,-1.0305644848605677,2.417676491184145,1,1.8075548113165385
1.9954473991583783,-0.51236513484491,0.027932995564896403,1,0.011917418072212601
0.15615411003215202,-1.0281290341888454,5.8535783814428095,1,1.370345848820175
1.536536864871463,0.13314027797416694,0.6286711273352216,1,0.18962940972144438
-1.6979956130519445,-0.5009361424714778,5.673039378039399,1,1.2988993250205076
-1.457919331902518,-0.23612559201169378,11.912628095646477,1,0.5919114795144719
1.47379398442583,0.8915513693238278,0.2531899203925262,1,0.13250456874896338
0.5317030954414261,0.25327618801657154,0.6464344137703509,1,0.43698341964458187
0.18359378426125963,-0.9781368106008669,4.092182519179596,1,0.5472503660635976
-0.43929073971836036,-1.137426578377359,1.048813016567767,1,0.5753328618972062
1.2169536476811758,-0.7484086289929062,0.3197898193396268,1,0.17495322243885358
-2.324299229321575,0.09130498185901972,1.4043697352494584,1,0.23895273257144306
0.26300867418514645,-1.5203568989874126,4.784796151780051,1,0.6682340452683094
-1.1232705602452,-0.6587000519918261,2.7649985304078153,1,0.9700393726167755
0.2219008165719434,-0.023443891933782865,0.689490141154953,1,0.44485974184037624
-1.015912574345999,0.8916106897191762,0.11327926342742647,1,0.1112960645430213
-1.6753115752344538,-0.6641567093303687,8.898093254078772,1,0.15681439475470707
0.8589473053463829,-0.8365932589461528,3.2129830419345735,1,1.8783582390956477
1.0283925843373898,-0.9648800499200058,2.097292128601437,1,0.16356283435310734
1.0133836659073419,-0.437829349177951,1.3454625576227583,1,0.4975804570971147
0.04605138207830905,-0.6665633835038854,2.0213887370604002,1,0.14529461367199767
0.09141563498015993,-0.2437780580924313,1.2604608602426406,1,0.5645125836929462
0.057131679720851695,0.03162669083560887,1.086349032163999,1,0.379217690093456
0.03882776430152529,0.2346449226111337,1.8729890911438685,1,1.4801778471555076
0.1759644883121001,-1.516134444580549,1.3526820497818202,1,0.15679128670673498
-0.33700354158625795,-0.7568134157787723,3.8615818909699517,1,0.8442128351970358
-0.5551566908521008,-0.4263917911233276,1.4934082417344008,1,0.8479019513705586
0.14603933681999995,-0.6864246355525343,2.9430347463606,1,0.092740121238796
0.4691787605074292,-1.0894013421758997,1.878276284352699,1,1.06098459471744
0.1915034387022171,-1.772856412075596,15.822929443847409,1,0.053056103815011496
1.0324342659689245,-0.4809868166797907,1.1410639018273034,1,0.5838042023363802
0.7631747923433174,-0.37171583352956633,2.633029595520463,1,1.7489470446584772
-1.2250835685787271,-0.6819502086885229,20.66171876368959,1,0.13976904746778873
0.22574516480242243,0.041437031358823456,0.45890974976176846,1,0.4231307551050817
-0.02530623059420514,-1.5824902427535594,5.209897609834395,1,4.044139048525876
-0.5624388189004053,-1.2345190686548926,6.748943791200252,1,0.34370925934952123
-1.4571842766011072,0.4469482065411322,3.333950245578063,1,0.25224841560160305
-0.51427239047197,0.2668950841706756,0.24848738595701828,1,0.14559225448974641
-0.5931526008969756,-0.6138331377316879,15.328508467553243,1,0.7630628520578063
-0.7690357889061382,0.4203381911777521,1.0888498446704236,1,0.7168957107304555
-0.0733715515883044,-0.28466756995853315,2.2943632095794433,1,1.1374709869319253
0.7357516454265856,-1.0714486667231595,1.6797263699005156,1,0.472712314367197
0.7386410000983211,-2.0009464570027786,7.795611275113727,1,0.1656682135248304
-1.0667944269002658,-2.1134143816272943,11.097485899532517,1,0.7525985067053744
-0.9945041813038783,-1.4547268234917234,26.722205100348365,1,0.3041891785486479
